No,Full Name,Email,External Id,Campus,Sub
114,114,114@fpt.edu.vn,HRM201c-HN-S114,HN,HRM201c
115,115,115@fpt.edu.vn,HRM201c-HN-S115,HN,HRM201c
116,116,116@fpt.edu.vn,HRM201c-HN-S116,HN,HRM201c
117,117,117@fpt.edu.vn,HRM201c-HN-S117,HN,HRM201c
1553,1553,1553@fpt.edu.vn,HRM201c-SG-S1553,SG,HRM201c
1554,1554,1554@fpt.edu.vn,HRM201c-SG-S1554,SG,HRM201c
1555,1555,1555@fpt.edu.vn,HRM201c-SG-S1555,SG,HRM201c
1556,1556,1556@fpt.edu.vn,HRM201c-SG-S1556,SG,HRM201c
1557,1557,1557@fpt.edu.vn,HRM201c-SG-S1557,SG,HRM201c
1558,1558,1558@fpt.edu.vn,HRM201c-SG-S1558,SG,HRM201c
1559,1559,1559@fpt.edu.vn,HRM201c-SG-S1559,SG,HRM201c
1560,1560,1560@fpt.edu.vn,HRM201c-SG-S1560,SG,HRM201c
1561,1561,1561@fpt.edu.vn,HRM201c-SG-S1561,SG,HRM201c
1562,1562,1562@fpt.edu.vn,HRM201c-SG-S1562,SG,HRM201c
1563,1563,1563@fpt.edu.vn,HRM201c-SG-S1563,SG,HRM201c
1564,1564,1564@fpt.edu.vn,HRM201c-SG-S1564,SG,HRM201c
1565,1565,1565@fpt.edu.vn,HRM201c-SG-S1565,SG,HRM201c
1566,1566,1566@fpt.edu.vn,HRM201c-SG-S1566,SG,HRM201c
1567,1567,1567@fpt.edu.vn,HRM201c-SG-S1567,SG,HRM201c
1568,1568,1568@fpt.edu.vn,HRM201c-SG-S1568,SG,HRM201c
1569,1569,1569@fpt.edu.vn,HRM201c-SG-S1569,SG,HRM201c
1570,1570,1570@fpt.edu.vn,HRM201c-SG-S1570,SG,HRM201c
1571,1571,1571@fpt.edu.vn,HRM201c-SG-S1571,SG,HRM201c
1572,1572,1572@fpt.edu.vn,HRM201c-SG-S1572,SG,HRM201c
1573,1573,1573@fpt.edu.vn,HRM201c-SG-S1573,SG,HRM201c
1574,1574,1574@fpt.edu.vn,HRM201c-SG-S1574,SG,HRM201c
1575,1575,1575@fpt.edu.vn,HRM201c-SG-S1575,SG,HRM201c
1576,1576,1576@fpt.edu.vn,HRM201c-SG-S1576,SG,HRM201c
1577,1577,1577@fpt.edu.vn,HRM201c-SG-S1577,SG,HRM201c
1578,1578,1578@fpt.edu.vn,HRM201c-SG-S1578,SG,HRM201c
1579,1579,1579@fpt.edu.vn,HRM201c-SG-S1579,SG,HRM201c
174,174,174@fpt.edu.vn,PMG201c-HN-H174,HN,PMG201c
198,198,198@fpt.edu.vn,PMG201c-HN-H198,HN,PMG201c
225,225,225@fpt.edu.vn,PMG201c-HN-H225,HN,PMG201c
254,254,254@fpt.edu.vn,PMG201c-HN-S254,HN,PMG201c
283,283,283@fpt.edu.vn,PMG201c-HN-s283,HN,PMG201c
226,226,226@fpt.edu.vn,PMG201c-HN-S226,HN,PMG201c
175,175,175@fpt.edu.vn,PMG201c-HN-S175,HN,PMG201c
199,199,199@fpt.edu.vn,PMG201c-HN-S199,HN,PMG201c
176,176,176@fpt.edu.vn,PMG201c-HN-S176,HN,PMG201c
255,255,255@fpt.edu.vn,PMG201c-HN-S255,HN,PMG201c
177,177,177@fpt.edu.vn,PMG201c-HN-S177,HN,PMG201c
178,178,178@fpt.edu.vn,PMG201c-HN-S178,HN,PMG201c
200,200,200@fpt.edu.vn,PMG201c-HN-S200,HN,PMG201c
256,256,256@fpt.edu.vn,PMG201c-HN-S256,HN,PMG201c
284,284,284@fpt.edu.vn,PMG201c-HN-S284,HN,PMG201c
227,227,227@fpt.edu.vn,PMG201c-HN-S227,HN,PMG201c
257,257,257@fpt.edu.vn,PMG201c-HN-S257,HN,PMG201c
258,258,258@fpt.edu.vn,PMG201c-HN-S258,HN,PMG201c
179,179,179@fpt.edu.vn,PMG201c-HN-S179,HN,PMG201c
144,144,144@fpt.edu.vn,PMG201c-HN-S144,HN,PMG201c
259,259,259@fpt.edu.vn,PMG201c-HN-S259,HN,PMG201c
201,201,201@fpt.edu.vn,PMG201c-HN-S201,HN,PMG201c
180,180,180@fpt.edu.vn,PMG201c-HN-S180,HN,PMG201c
228,228,228@fpt.edu.vn,PMG201c-HN-S228,HN,PMG201c
260,260,260@fpt.edu.vn,PMG201c-HN-S260,HN,PMG201c
229,229,229@fpt.edu.vn,PMG201c-HN-S229,HN,PMG201c
261,261,261@fpt.edu.vn,PMG201c-HN-S261,HN,PMG201c
145,145,145@fpt.edu.vn,PMG201c-HN-S145,HN,PMG201c
299,299,299@fpt.edu.vn,PMG201c-HN-S299,HN,PMG201c
285,285,285@fpt.edu.vn,PMG201c-HN-S285,HN,PMG201c
146,146,146@fpt.edu.vn,PMG201c-HN-S146,HN,PMG201c
147,147,147@fpt.edu.vn,PMG201c-HN-S147,HN,PMG201c
300,300,300@fpt.edu.vn,PMG201c-HN-S300,HN,PMG201c
148,148,148@fpt.edu.vn,PMG201c-HN-S148,HN,PMG201c
181,181,181@fpt.edu.vn,PMG201c-HN-S181,HN,PMG201c
149,149,149@fpt.edu.vn,PMG201c-HN-S149,HN,PMG201c
150,150,150@fpt.edu.vn,PMG201c-HN-S150,HN,PMG201c
151,151,151@fpt.edu.vn,PMG201c-HN-S151,HN,PMG201c
301,301,301@fpt.edu.vn,PMG201c-HN-S301,HN,PMG201c
152,152,152@fpt.edu.vn,PMG201c-HN-S152,HN,PMG201c
153,153,153@fpt.edu.vn,PMG201c-HN-S153,HN,PMG201c
154,154,154@fpt.edu.vn,PMG201c-HN-S154,HN,PMG201c
155,155,155@fpt.edu.vn,PMG201c-HN-S155,HN,PMG201c
156,156,156@fpt.edu.vn,PMG201c-HN-S156,HN,PMG201c
157,157,157@fpt.edu.vn,PMG201c-HN-S157,HN,PMG201c
302,302,302@fpt.edu.vn,PMG201c-HN-S302,HN,PMG201c
158,158,158@fpt.edu.vn,PMG201c-HN-S158,HN,PMG201c
159,159,159@fpt.edu.vn,PMG201c-HN-S159,HN,PMG201c
160,160,160@fpt.edu.vn,PMG201c-HN-S160,HN,PMG201c
161,161,161@fpt.edu.vn,PMG201c-HN-S161,HN,PMG201c
303,303,303@fpt.edu.vn,PMG201c-HN-S303,HN,PMG201c
162,162,162@fpt.edu.vn,PMG201c-HN-S162,HN,PMG201c
163,163,163@fpt.edu.vn,PMG201c-HN-S163,HN,PMG201c
286,286,286@fpt.edu.vn,PMG201c-HN-S286,HN,PMG201c
182,182,182@fpt.edu.vn,PMG201c-HN-S182,HN,PMG201c
287,287,287@fpt.edu.vn,PMG201c-HN-S287,HN,PMG201c
262,262,262@fpt.edu.vn,PMG201c-HN-S262,HN,PMG201c
304,304,304@fpt.edu.vn,PMG201c-HN-S304,HN,PMG201c
183,183,183@fpt.edu.vn,PMG201c-HN-S183,HN,PMG201c
288,288,288@fpt.edu.vn,PMG201c-HN-S288,HN,PMG201c
230,230,230@fpt.edu.vn,PMG201c-HN-S230,HN,PMG201c
184,184,184@fpt.edu.vn,PMG201c-HN-S184,HN,PMG201c
185,185,185@fpt.edu.vn,PMG201c-HN-S185,HN,PMG201c
202,202,202@fpt.edu.vn,PMG201c-HN-S202,HN,PMG201c
231,231,231@fpt.edu.vn,PMG201c-HN-S231,HN,PMG201c
263,263,263@fpt.edu.vn,PMG201c-HN-S263,HN,PMG201c
305,305,305@fpt.edu.vn,PMG201c-HN-S305,HN,PMG201c
186,186,186@fpt.edu.vn,PMG201c-HN-S186,HN,PMG201c
187,187,187@fpt.edu.vn,PMG201c-HN-S187,HN,PMG201c
164,164,164@fpt.edu.vn,PMG201c-HN-S164,HN,PMG201c
289,289,289@fpt.edu.vn,PMG201c-HN-S289,HN,PMG201c
290,290,290@fpt.edu.vn,PMG201c-HN-S290,HN,PMG201c
306,306,306@fpt.edu.vn,PMG201c-HN-S306,HN,PMG201c
291,291,291@fpt.edu.vn,PMG201c-HN-S291,HN,PMG201c
188,188,188@fpt.edu.vn,PMG201c-HN-S188,HN,PMG201c
165,165,165@fpt.edu.vn,PMG201c-HN-S165,HN,PMG201c
307,307,307@fpt.edu.vn,PMG201c-HN-S307,HN,PMG201c
203,203,203@fpt.edu.vn,PMG201c-HN-S203,HN,PMG201c
292,292,292@fpt.edu.vn,PMG201c-HN-S292,HN,PMG201c
204,204,204@fpt.edu.vn,PMG201c-HN-S204,HN,PMG201c
232,232,232@fpt.edu.vn,PMG201c-HN-S232,HN,PMG201c
189,189,189@fpt.edu.vn,PMG201c-HN-S189,HN,PMG201c
205,205,205@fpt.edu.vn,PMG201c-HN-S205,HN,PMG201c
206,206,206@fpt.edu.vn,PMG201c-HN-S206,HN,PMG201c
166,166,166@fpt.edu.vn,PMG201c-HN-S166,HN,PMG201c
233,233,233@fpt.edu.vn,PMG201c-HN-S233,HN,PMG201c
190,190,190@fpt.edu.vn,PMG201c-HN-S190,HN,PMG201c
207,207,207@fpt.edu.vn,PMG201c-HN-S207,HN,PMG201c
208,208,208@fpt.edu.vn,PMG201c-HN-S208,HN,PMG201c
234,234,234@fpt.edu.vn,PMG201c-HN-S234,HN,PMG201c
209,209,209@fpt.edu.vn,PMG201c-HN-S209,HN,PMG201c
210,210,210@fpt.edu.vn,PMG201c-HN-S210,HN,PMG201c
211,211,211@fpt.edu.vn,PMG201c-HN-S211,HN,PMG201c
212,212,212@fpt.edu.vn,PMG201c-HN-S212,HN,PMG201c
213,213,213@fpt.edu.vn,PMG201c-HN-S213,HN,PMG201c
214,214,214@fpt.edu.vn,PMG201c-HN-S214,HN,PMG201c
215,215,215@fpt.edu.vn,PMG201c-HN-S215,HN,PMG201c
235,235,235@fpt.edu.vn,PMG201c-HN-S235,HN,PMG201c
308,308,308@fpt.edu.vn,PMG201c-HN-S308,HN,PMG201c
309,309,309@fpt.edu.vn,PMG201c-HN-S309,HN,PMG201c
216,216,216@fpt.edu.vn,PMG201c-HN-S216,HN,PMG201c
217,217,217@fpt.edu.vn,PMG201c-HN-S217,HN,PMG201c
167,167,167@fpt.edu.vn,PMG201c-HN-S167,HN,PMG201c
310,310,310@fpt.edu.vn,PMG201c-HN-S310,HN,PMG201c
236,236,236@fpt.edu.vn,PMG201c-HN-S236,HN,PMG201c
293,293,293@fpt.edu.vn,PMG201c-HN-S293,HN,PMG201c
311,311,311@fpt.edu.vn,PMG201c-HN-S311,HN,PMG201c
237,237,237@fpt.edu.vn,PMG201c-HN-S237,HN,PMG201c
238,238,238@fpt.edu.vn,PMG201c-HN-S238,HN,PMG201c
218,218,218@fpt.edu.vn,PMG201c-HN-S218,HN,PMG201c
264,264,264@fpt.edu.vn,PMG201c-HN-S264,HN,PMG201c
312,312,312@fpt.edu.vn,PMG201c-HN-S312,HN,PMG201c
239,239,239@fpt.edu.vn,PMG201c-HN-S239,HN,PMG201c
240,240,240@fpt.edu.vn,PMG201c-HN-S240,HN,PMG201c
241,241,241@fpt.edu.vn,PMG201c-HN-S241,HN,PMG201c
242,242,242@fpt.edu.vn,PMG201c-HN-S242,HN,PMG201c
294,294,294@fpt.edu.vn,PMG201c-HN-S294,HN,PMG201c
295,295,295@fpt.edu.vn,PMG201c-HN-S295,HN,PMG201c
191,191,191@fpt.edu.vn,PMG201c-HN-S191,HN,PMG201c
243,243,243@fpt.edu.vn,PMG201c-HN-S243,HN,PMG201c
313,313,313@fpt.edu.vn,PMG201c-HN-S313,HN,PMG201c
244,244,244@fpt.edu.vn,PMG201c-HN-S244,HN,PMG201c
245,245,245@fpt.edu.vn,PMG201c-HN-S245,HN,PMG201c
246,246,246@fpt.edu.vn,PMG201c-HN-S246,HN,PMG201c
247,247,247@fpt.edu.vn,PMG201c-HN-S247,HN,PMG201c
248,248,248@fpt.edu.vn,PMG201c-HN-S248,HN,PMG201c
314,314,314@fpt.edu.vn,PMG201c-HN-S314,HN,PMG201c
315,315,315@fpt.edu.vn,PMG201c-HN-S315,HN,PMG201c
316,316,316@fpt.edu.vn,PMG201c-HN-S316,HN,PMG201c
249,249,249@fpt.edu.vn,PMG201c-HN-S249,HN,PMG201c
219,219,219@fpt.edu.vn,PMG201c-HN-S219,HN,PMG201c
220,220,220@fpt.edu.vn,PMG201c-HN-S220,HN,PMG201c
250,250,250@fpt.edu.vn,PMG201c-HN-S250,HN,PMG201c
251,251,251@fpt.edu.vn,PMG201c-HN-S251,HN,PMG201c
265,265,265@fpt.edu.vn,PMG201c-HN-S265,HN,PMG201c
266,266,266@fpt.edu.vn,PMG201c-HN-S266,HN,PMG201c
267,267,267@fpt.edu.vn,PMG201c-HN-S267,HN,PMG201c
252,252,252@fpt.edu.vn,PMG201c-HN-S252,HN,PMG201c
268,268,268@fpt.edu.vn,PMG201c-HN-S268,HN,PMG201c
269,269,269@fpt.edu.vn,PMG201c-HN-S269,HN,PMG201c
270,270,270@fpt.edu.vn,PMG201c-HN-S270,HN,PMG201c
192,192,192@fpt.edu.vn,PMG201c-HN-S192,HN,PMG201c
317,317,317@fpt.edu.vn,PMG201c-HN-S317,HN,PMG201c
271,271,271@fpt.edu.vn,PMG201c-HN-S271,HN,PMG201c
318,318,318@fpt.edu.vn,PMG201c-HN-S318,HN,PMG201c
272,272,272@fpt.edu.vn,PMG201c-HN-S272,HN,PMG201c
273,273,273@fpt.edu.vn,PMG201c-HN-S273,HN,PMG201c
319,319,319@fpt.edu.vn,PMG201c-HN-S319,HN,PMG201c
221,221,221@fpt.edu.vn,PMG201c-HN-S221,HN,PMG201c
168,168,168@fpt.edu.vn,PMG201c-HN-S168,HN,PMG201c
222,222,222@fpt.edu.vn,PMG201c-HN-S222,HN,PMG201c
274,274,274@fpt.edu.vn,PMG201c-HN-S274,HN,PMG201c
193,193,193@fpt.edu.vn,PMG201c-HN-S193,HN,PMG201c
169,169,169@fpt.edu.vn,PMG201c-HN-S169,HN,PMG201c
275,275,275@fpt.edu.vn,PMG201c-HN-S275,HN,PMG201c
276,276,276@fpt.edu.vn,PMG201c-HN-S276,HN,PMG201c
296,296,296@fpt.edu.vn,PMG201c-HN-S296,HN,PMG201c
277,277,277@fpt.edu.vn,PMG201c-HN-S277,HN,PMG201c
320,320,320@fpt.edu.vn,PMG201c-HN-S320,HN,PMG201c
278,278,278@fpt.edu.vn,PMG201c-HN-S278,HN,PMG201c
279,279,279@fpt.edu.vn,PMG201c-HN-S279,HN,PMG201c
194,194,194@fpt.edu.vn,PMG201c-HN-S194,HN,PMG201c
321,321,321@fpt.edu.vn,PMG201c-HN-S321,HN,PMG201c
195,195,195@fpt.edu.vn,PMG201c-HN-S195,HN,PMG201c
322,322,322@fpt.edu.vn,PMG201c-HN-S322,HN,PMG201c
323,323,323@fpt.edu.vn,PMG201c-HN-S323,HN,PMG201c
223,223,223@fpt.edu.vn,PMG201c-HN-S223,HN,PMG201c
324,324,324@fpt.edu.vn,PMG201c-HN-S324,HN,PMG201c
170,170,170@fpt.edu.vn,PMG201c-HN-S170,HN,PMG201c
253,253,253@fpt.edu.vn,PMG201c-HN-S253,HN,PMG201c
325,325,325@fpt.edu.vn,PMG201c-HN-S325,HN,PMG201c
196,196,196@fpt.edu.vn,PMG201c-HN-S196,HN,PMG201c
297,297,297@fpt.edu.vn,PMG201c-HN-S297,HN,PMG201c
326,326,326@fpt.edu.vn,PMG201c-HN-S326,HN,PMG201c
298,298,298@fpt.edu.vn,PMG201c-HN-S298,HN,PMG201c
280,280,280@fpt.edu.vn,PMG201c-HN-S280,HN,PMG201c
171,171,171@fpt.edu.vn,PMG201c-HN-S171,HN,PMG201c
327,327,327@fpt.edu.vn,PMG201c-HN-S327,HN,PMG201c
172,172,172@fpt.edu.vn,PMG201c-HN-S172,HN,PMG201c
328,328,328@fpt.edu.vn,PMG201c-HN-S328,HN,PMG201c
224,224,224@fpt.edu.vn,PMG201c-HN-S224,HN,PMG201c
281,281,281@fpt.edu.vn,PMG201c-HN-S281,HN,PMG201c
197,197,197@fpt.edu.vn,PMG201c-HN-S197,HN,PMG201c
282,282,282@fpt.edu.vn,PMG201c-HN-S282,HN,PMG201c
173,173,173@fpt.edu.vn,PMG201c-HN-S173,HN,PMG201c
1455,1455,1455@fpt.edu.vn,PMG201c-SG-S1455,SG,PMG201c
1456,1456,1456@fpt.edu.vn,PMG201c-SG-S1456,SG,PMG201c
1488,1488,1488@fpt.edu.vn,PMG201c-SG-S1488,SG,PMG201c
1489,1489,1489@fpt.edu.vn,PMG201c-SG-S1489,SG,PMG201c
1457,1457,1457@fpt.edu.vn,PMG201c-SG-S1457,SG,PMG201c
1521,1521,1521@fpt.edu.vn,PMG201c-SG-S1521,SG,PMG201c
1522,1522,1522@fpt.edu.vn,PMG201c-SG-S1522,SG,PMG201c
1523,1523,1523@fpt.edu.vn,PMG201c-SG-S1523,SG,PMG201c
1524,1524,1524@fpt.edu.vn,PMG201c-SG-S1524,SG,PMG201c
1458,1458,1458@fpt.edu.vn,PMG201c-SG-S1458,SG,PMG201c
1490,1490,1490@fpt.edu.vn,PMG201c-SG-S1490,SG,PMG201c
1459,1459,1459@fpt.edu.vn,PMG201c-SG-S1459,SG,PMG201c
1491,1491,1491@fpt.edu.vn,PMG201c-SG-S1491,SG,PMG201c
1525,1525,1525@fpt.edu.vn,PMG201c-SG-S1525,SG,PMG201c
1526,1526,1526@fpt.edu.vn,PMG201c-SG-S1526,SG,PMG201c
1460,1460,1460@fpt.edu.vn,PMG201c-SG-S1460,SG,PMG201c
1461,1461,1461@fpt.edu.vn,PMG201c-SG-S1461,SG,PMG201c
1462,1462,1462@fpt.edu.vn,PMG201c-SG-S1462,SG,PMG201c
1492,1492,1492@fpt.edu.vn,PMG201c-SG-S1492,SG,PMG201c
1493,1493,1493@fpt.edu.vn,PMG201c-SG-S1493,SG,PMG201c
1463,1463,1463@fpt.edu.vn,PMG201c-SG-S1463,SG,PMG201c
1494,1494,1494@fpt.edu.vn,PMG201c-SG-S1494,SG,PMG201c
1527,1527,1527@fpt.edu.vn,PMG201c-SG-S1527,SG,PMG201c
1495,1495,1495@fpt.edu.vn,PMG201c-SG-S1495,SG,PMG201c
1464,1464,1464@fpt.edu.vn,PMG201c-SG-S1464,SG,PMG201c
1528,1528,1528@fpt.edu.vn,PMG201c-SG-S1528,SG,PMG201c
1496,1496,1496@fpt.edu.vn,PMG201c-SG-S1496,SG,PMG201c
1529,1529,1529@fpt.edu.vn,PMG201c-SG-S1529,SG,PMG201c
1530,1530,1530@fpt.edu.vn,PMG201c-SG-S1530,SG,PMG201c
1531,1531,1531@fpt.edu.vn,PMG201c-SG-S1531,SG,PMG201c
1532,1532,1532@fpt.edu.vn,PMG201c-SG-S1532,SG,PMG201c
1533,1533,1533@fpt.edu.vn,PMG201c-SG-S1533,SG,PMG201c
1534,1534,1534@fpt.edu.vn,PMG201c-SG-S1534,SG,PMG201c
1497,1497,1497@fpt.edu.vn,PMG201c-SG-S1497,SG,PMG201c
1465,1465,1465@fpt.edu.vn,PMG201c-SG-S1465,SG,PMG201c
1498,1498,1498@fpt.edu.vn,PMG201c-SG-S1498,SG,PMG201c
1535,1535,1535@fpt.edu.vn,PMG201c-SG-S1535,SG,PMG201c
1499,1499,1499@fpt.edu.vn,PMG201c-SG-S1499,SG,PMG201c
1466,1466,1466@fpt.edu.vn,PMG201c-SG-S1466,SG,PMG201c
1536,1536,1536@fpt.edu.vn,PMG201c-SG-S1536,SG,PMG201c
1500,1500,1500@fpt.edu.vn,PMG201c-SG-S1500,SG,PMG201c
1501,1501,1501@fpt.edu.vn,PMG201c-SG-S1501,SG,PMG201c
1502,1502,1502@fpt.edu.vn,PMG201c-SG-S1502,SG,PMG201c
1537,1537,1537@fpt.edu.vn,PMG201c-SG-S1537,SG,PMG201c
1538,1538,1538@fpt.edu.vn,PMG201c-SG-S1538,SG,PMG201c
1539,1539,1539@fpt.edu.vn,PMG201c-SG-S1539,SG,PMG201c
1540,1540,1540@fpt.edu.vn,PMG201c-SG-S1540,SG,PMG201c
1503,1503,1503@fpt.edu.vn,PMG201c-SG-S1503,SG,PMG201c
1467,1467,1467@fpt.edu.vn,PMG201c-SG-S1467,SG,PMG201c
1468,1468,1468@fpt.edu.vn,PMG201c-SG-S1468,SG,PMG201c
1469,1469,1469@fpt.edu.vn,PMG201c-SG-S1469,SG,PMG201c
1541,1541,1541@fpt.edu.vn,PMG201c-SG-S1541,SG,PMG201c
1470,1470,1470@fpt.edu.vn,PMG201c-SG-S1470,SG,PMG201c
1542,1542,1542@fpt.edu.vn,PMG201c-SG-S1542,SG,PMG201c
1504,1504,1504@fpt.edu.vn,PMG201c-SG-S1504,SG,PMG201c
1543,1543,1543@fpt.edu.vn,PMG201c-SG-S1543,SG,PMG201c
1505,1505,1505@fpt.edu.vn,PMG201c-SG-S1505,SG,PMG201c
1471,1471,1471@fpt.edu.vn,PMG201c-SG-S1471,SG,PMG201c
1472,1472,1472@fpt.edu.vn,PMG201c-SG-S1472,SG,PMG201c
1544,1544,1544@fpt.edu.vn,PMG201c-SG-S1544,SG,PMG201c
1506,1506,1506@fpt.edu.vn,PMG201c-SG-S1506,SG,PMG201c
1507,1507,1507@fpt.edu.vn,PMG201c-SG-S1507,SG,PMG201c
1473,1473,1473@fpt.edu.vn,PMG201c-SG-S1473,SG,PMG201c
1474,1474,1474@fpt.edu.vn,PMG201c-SG-S1474,SG,PMG201c
1545,1545,1545@fpt.edu.vn,PMG201c-SG-S1545,SG,PMG201c
1508,1508,1508@fpt.edu.vn,PMG201c-SG-S1508,SG,PMG201c
1546,1546,1546@fpt.edu.vn,PMG201c-SG-S1546,SG,PMG201c
1547,1547,1547@fpt.edu.vn,PMG201c-SG-S1547,SG,PMG201c
1548,1548,1548@fpt.edu.vn,PMG201c-SG-S1548,SG,PMG201c
1549,1549,1549@fpt.edu.vn,PMG201c-SG-S1549,SG,PMG201c
1475,1475,1475@fpt.edu.vn,PMG201c-SG-S1475,SG,PMG201c
1509,1509,1509@fpt.edu.vn,PMG201c-SG-S1509,SG,PMG201c
1510,1510,1510@fpt.edu.vn,PMG201c-SG-S1510,SG,PMG201c
1511,1511,1511@fpt.edu.vn,PMG201c-SG-S1511,SG,PMG201c
1512,1512,1512@fpt.edu.vn,PMG201c-SG-S1512,SG,PMG201c
1550,1550,1550@fpt.edu.vn,PMG201c-SG-S1550,SG,PMG201c
1476,1476,1476@fpt.edu.vn,PMG201c-SG-S1476,SG,PMG201c
1513,1513,1513@fpt.edu.vn,PMG201c-SG-S1513,SG,PMG201c
1514,1514,1514@fpt.edu.vn,PMG201c-SG-S1514,SG,PMG201c
1477,1477,1477@fpt.edu.vn,PMG201c-SG-S1477,SG,PMG201c
1478,1478,1478@fpt.edu.vn,PMG201c-SG-S1478,SG,PMG201c
1479,1479,1479@fpt.edu.vn,PMG201c-SG-S1479,SG,PMG201c
1480,1480,1480@fpt.edu.vn,PMG201c-SG-S1480,SG,PMG201c
1551,1551,1551@fpt.edu.vn,PMG201c-SG-S1551,SG,PMG201c
1481,1481,1481@fpt.edu.vn,PMG201c-SG-S1481,SG,PMG201c
1515,1515,1515@fpt.edu.vn,PMG201c-SG-S1515,SG,PMG201c
1482,1482,1482@fpt.edu.vn,PMG201c-SG-S1482,SG,PMG201c
1483,1483,1483@fpt.edu.vn,PMG201c-SG-S1483,SG,PMG201c
1484,1484,1484@fpt.edu.vn,PMG201c-SG-S1484,SG,PMG201c
1516,1516,1516@fpt.edu.vn,PMG201c-SG-S1516,SG,PMG201c
1517,1517,1517@fpt.edu.vn,PMG201c-SG-S1517,SG,PMG201c
1518,1518,1518@fpt.edu.vn,PMG201c-SG-S1518,SG,PMG201c
1552,1552,1552@fpt.edu.vn,PMG201c-SG-S1552,SG,PMG201c
1485,1485,1485@fpt.edu.vn,PMG201c-SG-S1485,SG,PMG201c
1519,1519,1519@fpt.edu.vn,PMG201c-SG-S1519,SG,PMG201c
1486,1486,1486@fpt.edu.vn,PMG201c-SG-S1486,SG,PMG201c
1520,1520,1520@fpt.edu.vn,PMG201c-SG-S1520,SG,PMG201c
1487,1487,1487@fpt.edu.vn,PMG201c-SG-S1487,SG,PMG201c
31,31,31@fpt.edu.vn,PRP201-HN-HE31,HN,PRP201
32,32,32@fpt.edu.vn,PRP201-HN-HE32,HN,PRP201
33,33,33@fpt.edu.vn,PRP201-HN-HE33,HN,PRP201
34,34,34@fpt.edu.vn,PRP201-HN-HE34,HN,PRP201
35,35,35@fpt.edu.vn,PRP201-HN-HE35,HN,PRP201
1581,1581,1581@fpt.edu.vn,SSL101-CT-CA1581,CT,SSL101
1580,1580,1580@fpt.edu.vn,SSL101-CT-CA1580,CT,SSL101
1583,1583,1583@fpt.edu.vn,SSL101-CT-CA1583,CT,SSL101
1590,1590,1590@fpt.edu.vn,SSL101-CT-CA1590,CT,SSL101
1593,1593,1593@fpt.edu.vn,SSL101-CT-CA1593,CT,SSL101
1597,1597,1597@fpt.edu.vn,SSL101-CT-CA1597,CT,SSL101
1615,1615,1615@fpt.edu.vn,SSL101-CT-CA1615,CT,SSL101
1621,1621,1621@fpt.edu.vn,SSL101-CT-CA1621,CT,SSL101
1668,1668,1668@fpt.edu.vn,SSL101-CT-CA1668,CT,SSL101
1582,1582,1582@fpt.edu.vn,SSL101-CT-CE1582,CT,SSL101
1585,1585,1585@fpt.edu.vn,SSL101-CT-CE1585,CT,SSL101
1589,1589,1589@fpt.edu.vn,SSL101-CT-CE1589,CT,SSL101
1592,1592,1592@fpt.edu.vn,SSL101-CT-CE1592,CT,SSL101
1600,1600,1600@fpt.edu.vn,SSL101-CT-CE1600,CT,SSL101
1602,1602,1602@fpt.edu.vn,SSL101-CT-CE1602,CT,SSL101
1607,1607,1607@fpt.edu.vn,SSL101-CT-CE1607,CT,SSL101
1610,1610,1610@fpt.edu.vn,SSL101-CT-CE1610,CT,SSL101
1611,1611,1611@fpt.edu.vn,SSL101-CT-CE1611,CT,SSL101
1612,1612,1612@fpt.edu.vn,SSL101-CT-CE1612,CT,SSL101
1614,1614,1614@fpt.edu.vn,SSL101-CT-CE1614,CT,SSL101
1620,1620,1620@fpt.edu.vn,SSL101-CT-CE1620,CT,SSL101
1622,1622,1622@fpt.edu.vn,SSL101-CT-CE1622,CT,SSL101
1629,1629,1629@fpt.edu.vn,SSL101-CT-CE1629,CT,SSL101
1630,1630,1630@fpt.edu.vn,SSL101-CT-CE1630,CT,SSL101
1650,1650,1650@fpt.edu.vn,SSL101-CT-CE1650,CT,SSL101
1641,1641,1641@fpt.edu.vn,SSL101-CT-CE1641,CT,SSL101
1639,1639,1639@fpt.edu.vn,SSL101-CT-CE1639,CT,SSL101
1653,1653,1653@fpt.edu.vn,SSL101-CT-CE1653,CT,SSL101
1663,1663,1663@fpt.edu.vn,SSL101-CT-CE1663,CT,SSL101
1648,1648,1648@fpt.edu.vn,SSL101-CT-CE1648,CT,SSL101
1652,1652,1652@fpt.edu.vn,SSL101-CT-CE1652,CT,SSL101
1655,1655,1655@fpt.edu.vn,SSL101-CT-CE1655,CT,SSL101
1632,1632,1632@fpt.edu.vn,SSL101-CT-CE1632,CT,SSL101
1651,1651,1651@fpt.edu.vn,SSL101-CT-CE1651,CT,SSL101
1656,1656,1656@fpt.edu.vn,SSL101-CT-CE1656,CT,SSL101
1636,1636,1636@fpt.edu.vn,SSL101-CT-CE1636,CT,SSL101
1631,1631,1631@fpt.edu.vn,SSL101-CT-CE1631,CT,SSL101
1633,1633,1633@fpt.edu.vn,SSL101-CT-CE1633,CT,SSL101
1634,1634,1634@fpt.edu.vn,SSL101-CT-CE1634,CT,SSL101
1642,1642,1642@fpt.edu.vn,SSL101-CT-CE1642,CT,SSL101
1643,1643,1643@fpt.edu.vn,SSL101-CT-CE1643,CT,SSL101
1638,1638,1638@fpt.edu.vn,SSL101-CT-CE1638,CT,SSL101
1658,1658,1658@fpt.edu.vn,SSL101-CT-CE1658,CT,SSL101
1635,1635,1635@fpt.edu.vn,SSL101-CT-CE1635,CT,SSL101
1640,1640,1640@fpt.edu.vn,SSL101-CT-CE1640,CT,SSL101
1649,1649,1649@fpt.edu.vn,SSL101-CT-CE1649,CT,SSL101
1657,1657,1657@fpt.edu.vn,SSL101-CT-CE1657,CT,SSL101
1654,1654,1654@fpt.edu.vn,SSL101-CT-CE1654,CT,SSL101
1637,1637,1637@fpt.edu.vn,SSL101-CT-CE1637,CT,SSL101
1664,1664,1664@fpt.edu.vn,SSL101-CT-CE1664,CT,SSL101
1661,1661,1661@fpt.edu.vn,SSL101-CT-CE1661,CT,SSL101
1659,1659,1659@fpt.edu.vn,SSL101-CT-CE1659,CT,SSL101
1644,1644,1644@fpt.edu.vn,SSL101-CT-CE1644,CT,SSL101
1647,1647,1647@fpt.edu.vn,SSL101-CT-CE1647,CT,SSL101
1645,1645,1645@fpt.edu.vn,SSL101-CT-CE1645,CT,SSL101
1646,1646,1646@fpt.edu.vn,SSL101-CT-CE1646,CT,SSL101
1667,1667,1667@fpt.edu.vn,SSL101-CT-CE1667,CT,SSL101
1669,1669,1669@fpt.edu.vn,SSL101-CT-CE1669,CT,SSL101
1670,1670,1670@fpt.edu.vn,SSL101-CT-CE1670,CT,SSL101
1584,1584,1584@fpt.edu.vn,SSL101-CT-CS1584,CT,SSL101
1586,1586,1586@fpt.edu.vn,SSL101-CT-CS1586,CT,SSL101
1587,1587,1587@fpt.edu.vn,SSL101-CT-CS1587,CT,SSL101
1588,1588,1588@fpt.edu.vn,SSL101-CT-CS1588,CT,SSL101
1591,1591,1591@fpt.edu.vn,SSL101-CT-CS1591,CT,SSL101
1594,1594,1594@fpt.edu.vn,SSL101-CT-CS1594,CT,SSL101
1595,1595,1595@fpt.edu.vn,SSL101-CT-CS1595,CT,SSL101
1596,1596,1596@fpt.edu.vn,SSL101-CT-CS1596,CT,SSL101
1598,1598,1598@fpt.edu.vn,SSL101-CT-CS1598,CT,SSL101
1599,1599,1599@fpt.edu.vn,SSL101-CT-CS1599,CT,SSL101
1601,1601,1601@fpt.edu.vn,SSL101-CT-CS1601,CT,SSL101
1603,1603,1603@fpt.edu.vn,SSL101-CT-CS1603,CT,SSL101
1604,1604,1604@fpt.edu.vn,SSL101-CT-CS1604,CT,SSL101
1605,1605,1605@fpt.edu.vn,SSL101-CT-CS1605,CT,SSL101
1606,1606,1606@fpt.edu.vn,SSL101-CT-CS1606,CT,SSL101
1608,1608,1608@fpt.edu.vn,SSL101-CT-CS1608,CT,SSL101
1609,1609,1609@fpt.edu.vn,SSL101-CT-CS1609,CT,SSL101
1613,1613,1613@fpt.edu.vn,SSL101-CT-CS1613,CT,SSL101
1616,1616,1616@fpt.edu.vn,SSL101-CT-CS1616,CT,SSL101
1617,1617,1617@fpt.edu.vn,SSL101-CT-CS1617,CT,SSL101
1618,1618,1618@fpt.edu.vn,SSL101-CT-CS1618,CT,SSL101
1619,1619,1619@fpt.edu.vn,SSL101-CT-CS1619,CT,SSL101
1623,1623,1623@fpt.edu.vn,SSL101-CT-CS1623,CT,SSL101
1624,1624,1624@fpt.edu.vn,SSL101-CT-CS1624,CT,SSL101
1625,1625,1625@fpt.edu.vn,SSL101-CT-CS1625,CT,SSL101
1626,1626,1626@fpt.edu.vn,SSL101-CT-CS1626,CT,SSL101
1627,1627,1627@fpt.edu.vn,SSL101-CT-CS1627,CT,SSL101
1628,1628,1628@fpt.edu.vn,SSL101-CT-CS1628,CT,SSL101
1662,1662,1662@fpt.edu.vn,SSL101-CT-CS1662,CT,SSL101
1665,1665,1665@fpt.edu.vn,SSL101-CT-CS1665,CT,SSL101
1660,1660,1660@fpt.edu.vn,SSL101-CT-CS1660,CT,SSL101
1666,1666,1666@fpt.edu.vn,SSL101-CT-CS1666,CT,SSL101
1671,1671,1671@fpt.edu.vn,SSL101-DN-DS1671,DN,SSL101
1672,1672,1672@fpt.edu.vn,SSL101-DN-DS1672,DN,SSL101
1673,1673,1673@fpt.edu.vn,SSL101-DN-DS1673,DN,SSL101
1674,1674,1674@fpt.edu.vn,SSL101-DN-DS1674,DN,SSL101
1675,1675,1675@fpt.edu.vn,SSL101-DN-DS1675,DN,SSL101
1676,1676,1676@fpt.edu.vn,SSL101-DN-DS1676,DN,SSL101
1677,1677,1677@fpt.edu.vn,SSL101-DN-DS1677,DN,SSL101
1678,1678,1678@fpt.edu.vn,SSL101-DN-DS1678,DN,SSL101
1679,1679,1679@fpt.edu.vn,SSL101-DN-DS1679,DN,SSL101
1680,1680,1680@fpt.edu.vn,SSL101-DN-DS1680,DN,SSL101
1681,1681,1681@fpt.edu.vn,SSL101-DN-DS1681,DN,SSL101
1682,1682,1682@fpt.edu.vn,SSL101-DN-DS1682,DN,SSL101
1686,1686,1686@fpt.edu.vn,SSL101-DN-DS1686,DN,SSL101
1687,1687,1687@fpt.edu.vn,SSL101-DN-DS1687,DN,SSL101
1683,1683,1683@fpt.edu.vn,SSL101-DN-DS1683,DN,SSL101
1684,1684,1684@fpt.edu.vn,SSL101-DN-DS1684,DN,SSL101
1685,1685,1685@fpt.edu.vn,SSL101-DN-DS1685,DN,SSL101
1689,1689,1689@fpt.edu.vn,SSL101-DN-DS1689,DN,SSL101
1688,1688,1688@fpt.edu.vn,SSL101-DN-DS1688,DN,SSL101
834,834,834@fpt.edu.vn,SSL101-HN-HA834,HN,SSL101
36,36,36@fpt.edu.vn,SSL101-HN-HA36,HN,SSL101
37,37,37@fpt.edu.vn,SSL101-HN-HA37,HN,SSL101
38,38,38@fpt.edu.vn,SSL101-HN-HA38,HN,SSL101
39,39,39@fpt.edu.vn,SSL101-HN-HA39,HN,SSL101
40,40,40@fpt.edu.vn,SSL101-HN-HA40,HN,SSL101
41,41,41@fpt.edu.vn,SSL101-HN-HA41,HN,SSL101
42,42,42@fpt.edu.vn,SSL101-HN-HA42,HN,SSL101
43,43,43@fpt.edu.vn,SSL101-HN-HA43,HN,SSL101
44,44,44@fpt.edu.vn,SSL101-HN-HA44,HN,SSL101
45,45,45@fpt.edu.vn,SSL101-HN-HA45,HN,SSL101
46,46,46@fpt.edu.vn,SSL101-HN-HA46,HN,SSL101
47,47,47@fpt.edu.vn,SSL101-HN-HA47,HN,SSL101
48,48,48@fpt.edu.vn,SSL101-HN-HA48,HN,SSL101
49,49,49@fpt.edu.vn,SSL101-HN-HA49,HN,SSL101
50,50,50@fpt.edu.vn,SSL101-HN-HA50,HN,SSL101
51,51,51@fpt.edu.vn,SSL101-HN-HA51,HN,SSL101
835,835,835@fpt.edu.vn,SSL101-HN-HA835,HN,SSL101
804,804,804@fpt.edu.vn,SSL101-HN-HE804,HN,SSL101
72,72,72@fpt.edu.vn,SSL101-HN-HE72,HN,SSL101
781,781,781@fpt.edu.vn,SSL101-HN-HE781,HN,SSL101
1,1,1@fpt.edu.vn,SSL101-HN-HE1,HN,SSL101
53,53,53@fpt.edu.vn,SSL101-HN-HE53,HN,SSL101
753,753,753@fpt.edu.vn,SSL101-HN-HE753,HN,SSL101
54,54,54@fpt.edu.vn,SSL101-HN-HE54,HN,SSL101
754,754,754@fpt.edu.vn,SSL101-HN-HE754,HN,SSL101
755,755,755@fpt.edu.vn,SSL101-HN-HE755,HN,SSL101
94,94,94@fpt.edu.vn,SSL101-HN-HE94,HN,SSL101
95,95,95@fpt.edu.vn,SSL101-HN-HE95,HN,SSL101
2,2,2@fpt.edu.vn,SSL101-HN-HE2,HN,SSL101
3,3,3@fpt.edu.vn,SSL101-HN-HE3,HN,SSL101
55,55,55@fpt.edu.vn,SSL101-HN-HE55,HN,SSL101
56,56,56@fpt.edu.vn,SSL101-HN-HE56,HN,SSL101
782,782,782@fpt.edu.vn,SSL101-HN-HE782,HN,SSL101
756,756,756@fpt.edu.vn,SSL101-HN-HE756,HN,SSL101
757,757,757@fpt.edu.vn,SSL101-HN-HE757,HN,SSL101
758,758,758@fpt.edu.vn,SSL101-HN-HE758,HN,SSL101
783,783,783@fpt.edu.vn,SSL101-HN-HE783,HN,SSL101
57,57,57@fpt.edu.vn,SSL101-HN-HE57,HN,SSL101
4,4,4@fpt.edu.vn,SSL101-HN-HE4,HN,SSL101
759,759,759@fpt.edu.vn,SSL101-HN-HE759,HN,SSL101
784,784,784@fpt.edu.vn,SSL101-HN-HE784,HN,SSL101
5,5,5@fpt.edu.vn,SSL101-HN-HE5,HN,SSL101
73,73,73@fpt.edu.vn,SSL101-HN-HE73,HN,SSL101
785,785,785@fpt.edu.vn,SSL101-HN-HE785,HN,SSL101
805,805,805@fpt.edu.vn,SSL101-HN-HE805,HN,SSL101
806,806,806@fpt.edu.vn,SSL101-HN-HE806,HN,SSL101
74,74,74@fpt.edu.vn,SSL101-HN-HE74,HN,SSL101
760,760,760@fpt.edu.vn,SSL101-HN-HE760,HN,SSL101
761,761,761@fpt.edu.vn,SSL101-HN-HE761,HN,SSL101
96,96,96@fpt.edu.vn,SSL101-HN-HE96,HN,SSL101
786,786,786@fpt.edu.vn,SSL101-HN-HE786,HN,SSL101
762,762,762@fpt.edu.vn,SSL101-HN-HE762,HN,SSL101
6,6,6@fpt.edu.vn,SSL101-HN-HE6,HN,SSL101
763,763,763@fpt.edu.vn,SSL101-HN-HE763,HN,SSL101
75,75,75@fpt.edu.vn,SSL101-HN-HE75,HN,SSL101
764,764,764@fpt.edu.vn,SSL101-HN-HE764,HN,SSL101
97,97,97@fpt.edu.vn,SSL101-HN-HE97,HN,SSL101
76,76,76@fpt.edu.vn,SSL101-HN-HE76,HN,SSL101
807,807,807@fpt.edu.vn,SSL101-HN-HE807,HN,SSL101
765,765,765@fpt.edu.vn,SSL101-HN-HE765,HN,SSL101
7,7,7@fpt.edu.vn,SSL101-HN-HE7,HN,SSL101
766,766,766@fpt.edu.vn,SSL101-HN-HE766,HN,SSL101
767,767,767@fpt.edu.vn,SSL101-HN-HE767,HN,SSL101
768,768,768@fpt.edu.vn,SSL101-HN-HE768,HN,SSL101
787,787,787@fpt.edu.vn,SSL101-HN-HE787,HN,SSL101
808,808,808@fpt.edu.vn,SSL101-HN-HE808,HN,SSL101
769,769,769@fpt.edu.vn,SSL101-HN-HE769,HN,SSL101
8,8,8@fpt.edu.vn,SSL101-HN-HE8,HN,SSL101
770,770,770@fpt.edu.vn,SSL101-HN-HE770,HN,SSL101
771,771,771@fpt.edu.vn,SSL101-HN-HE771,HN,SSL101
809,809,809@fpt.edu.vn,SSL101-HN-HE809,HN,SSL101
810,810,810@fpt.edu.vn,SSL101-HN-HE810,HN,SSL101
58,58,58@fpt.edu.vn,SSL101-HN-HE58,HN,SSL101
772,772,772@fpt.edu.vn,SSL101-HN-HE772,HN,SSL101
9,9,9@fpt.edu.vn,SSL101-HN-HE9,HN,SSL101
77,77,77@fpt.edu.vn,SSL101-HN-HE77,HN,SSL101
59,59,59@fpt.edu.vn,SSL101-HN-HE59,HN,SSL101
60,60,60@fpt.edu.vn,SSL101-HN-HE60,HN,SSL101
811,811,811@fpt.edu.vn,SSL101-HN-HE811,HN,SSL101
10,10,10@fpt.edu.vn,SSL101-HN-HE10,HN,SSL101
812,812,812@fpt.edu.vn,SSL101-HN-HE812,HN,SSL101
773,773,773@fpt.edu.vn,SSL101-HN-HE773,HN,SSL101
61,61,61@fpt.edu.vn,SSL101-HN-HE61,HN,SSL101
813,813,813@fpt.edu.vn,SSL101-HN-HE813,HN,SSL101
774,774,774@fpt.edu.vn,SSL101-HN-HE774,HN,SSL101
11,11,11@fpt.edu.vn,SSL101-HN-HE11,HN,SSL101
814,814,814@fpt.edu.vn,SSL101-HN-HE814,HN,SSL101
62,62,62@fpt.edu.vn,SSL101-HN-HE62,HN,SSL101
63,63,63@fpt.edu.vn,SSL101-HN-HE63,HN,SSL101
12,12,12@fpt.edu.vn,SSL101-HN-HE12,HN,SSL101
13,13,13@fpt.edu.vn,SSL101-HN-HE13,HN,SSL101
815,815,815@fpt.edu.vn,SSL101-HN-HE815,HN,SSL101
816,816,816@fpt.edu.vn,SSL101-HN-HE816,HN,SSL101
817,817,817@fpt.edu.vn,SSL101-HN-HE817,HN,SSL101
78,78,78@fpt.edu.vn,SSL101-HN-HE78,HN,SSL101
79,79,79@fpt.edu.vn,SSL101-HN-HE79,HN,SSL101
14,14,14@fpt.edu.vn,SSL101-HN-HE14,HN,SSL101
775,775,775@fpt.edu.vn,SSL101-HN-HE775,HN,SSL101
818,818,818@fpt.edu.vn,SSL101-HN-HE818,HN,SSL101
788,788,788@fpt.edu.vn,SSL101-HN-HE788,HN,SSL101
98,98,98@fpt.edu.vn,SSL101-HN-HE98,HN,SSL101
776,776,776@fpt.edu.vn,SSL101-HN-HE776,HN,SSL101
777,777,777@fpt.edu.vn,SSL101-HN-HE777,HN,SSL101
15,15,15@fpt.edu.vn,SSL101-HN-HE15,HN,SSL101
99,99,99@fpt.edu.vn,SSL101-HN-HE99,HN,SSL101
100,100,100@fpt.edu.vn,SSL101-HN-HE100,HN,SSL101
778,778,778@fpt.edu.vn,SSL101-HN-HE778,HN,SSL101
819,819,819@fpt.edu.vn,SSL101-HN-HE819,HN,SSL101
789,789,789@fpt.edu.vn,SSL101-HN-HE789,HN,SSL101
16,16,16@fpt.edu.vn,SSL101-HN-HE16,HN,SSL101
80,80,80@fpt.edu.vn,SSL101-HN-HE80,HN,SSL101
101,101,101@fpt.edu.vn,SSL101-HN-HE101,HN,SSL101
790,790,790@fpt.edu.vn,SSL101-HN-HE790,HN,SSL101
17,17,17@fpt.edu.vn,SSL101-HN-HE17,HN,SSL101
18,18,18@fpt.edu.vn,SSL101-HN-HE18,HN,SSL101
791,791,791@fpt.edu.vn,SSL101-HN-HE791,HN,SSL101
792,792,792@fpt.edu.vn,SSL101-HN-HE792,HN,SSL101
19,19,19@fpt.edu.vn,SSL101-HN-HE19,HN,SSL101
20,20,20@fpt.edu.vn,SSL101-HN-HE20,HN,SSL101
21,21,21@fpt.edu.vn,SSL101-HN-HE21,HN,SSL101
81,81,81@fpt.edu.vn,SSL101-HN-HE81,HN,SSL101
820,820,820@fpt.edu.vn,SSL101-HN-HE820,HN,SSL101
82,82,82@fpt.edu.vn,SSL101-HN-HE82,HN,SSL101
821,821,821@fpt.edu.vn,SSL101-HN-HE821,HN,SSL101
22,22,22@fpt.edu.vn,SSL101-HN-HE22,HN,SSL101
83,83,83@fpt.edu.vn,SSL101-HN-HE83,HN,SSL101
822,822,822@fpt.edu.vn,SSL101-HN-HE822,HN,SSL101
64,64,64@fpt.edu.vn,SSL101-HN-HE64,HN,SSL101
84,84,84@fpt.edu.vn,SSL101-HN-HE84,HN,SSL101
65,65,65@fpt.edu.vn,SSL101-HN-HE65,HN,SSL101
85,85,85@fpt.edu.vn,SSL101-HN-HE85,HN,SSL101
102,102,102@fpt.edu.vn,SSL101-HN-HE102,HN,SSL101
793,793,793@fpt.edu.vn,SSL101-HN-HE793,HN,SSL101
823,823,823@fpt.edu.vn,SSL101-HN-HE823,HN,SSL101
103,103,103@fpt.edu.vn,SSL101-HN-HE103,HN,SSL101
824,824,824@fpt.edu.vn,SSL101-HN-HE824,HN,SSL101
66,66,66@fpt.edu.vn,SSL101-HN-HE66,HN,SSL101
825,825,825@fpt.edu.vn,SSL101-HN-HE825,HN,SSL101
67,67,67@fpt.edu.vn,SSL101-HN-HE67,HN,SSL101
23,23,23@fpt.edu.vn,SSL101-HN-HE23,HN,SSL101
826,826,826@fpt.edu.vn,SSL101-HN-HE826,HN,SSL101
827,827,827@fpt.edu.vn,SSL101-HN-HE827,HN,SSL101
24,24,24@fpt.edu.vn,SSL101-HN-HE24,HN,SSL101
828,828,828@fpt.edu.vn,SSL101-HN-HE828,HN,SSL101
794,794,794@fpt.edu.vn,SSL101-HN-HE794,HN,SSL101
795,795,795@fpt.edu.vn,SSL101-HN-HE795,HN,SSL101
25,25,25@fpt.edu.vn,SSL101-HN-HE25,HN,SSL101
26,26,26@fpt.edu.vn,SSL101-HN-HE26,HN,SSL101
796,796,796@fpt.edu.vn,SSL101-HN-HE796,HN,SSL101
86,86,86@fpt.edu.vn,SSL101-HN-HE86,HN,SSL101
87,87,87@fpt.edu.vn,SSL101-HN-HE87,HN,SSL101
104,104,104@fpt.edu.vn,SSL101-HN-HE104,HN,SSL101
797,797,797@fpt.edu.vn,SSL101-HN-HE797,HN,SSL101
829,829,829@fpt.edu.vn,SSL101-HN-HE829,HN,SSL101
88,88,88@fpt.edu.vn,SSL101-HN-HE88,HN,SSL101
89,89,89@fpt.edu.vn,SSL101-HN-HE89,HN,SSL101
830,830,830@fpt.edu.vn,SSL101-HN-HE830,HN,SSL101
68,68,68@fpt.edu.vn,SSL101-HN-HE68,HN,SSL101
105,105,105@fpt.edu.vn,SSL101-HN-HE105,HN,SSL101
106,106,106@fpt.edu.vn,SSL101-HN-HE106,HN,SSL101
69,69,69@fpt.edu.vn,SSL101-HN-HE69,HN,SSL101
90,90,90@fpt.edu.vn,SSL101-HN-HE90,HN,SSL101
798,798,798@fpt.edu.vn,SSL101-HN-HE798,HN,SSL101
27,27,27@fpt.edu.vn,SSL101-HN-HE27,HN,SSL101
779,779,779@fpt.edu.vn,SSL101-HN-HE779,HN,SSL101
70,70,70@fpt.edu.vn,SSL101-HN-HE70,HN,SSL101
831,831,831@fpt.edu.vn,SSL101-HN-HE831,HN,SSL101
780,780,780@fpt.edu.vn,SSL101-HN-HE780,HN,SSL101
348,348,348@fpt.edu.vn,SSL101-HN-HE348,HN,SSL101
799,799,799@fpt.edu.vn,SSL101-HN-HE799,HN,SSL101
107,107,107@fpt.edu.vn,SSL101-HN-HE107,HN,SSL101
28,28,28@fpt.edu.vn,SSL101-HN-HE28,HN,SSL101
800,800,800@fpt.edu.vn,SSL101-HN-HE800,HN,SSL101
108,108,108@fpt.edu.vn,SSL101-HN-HE108,HN,SSL101
71,71,71@fpt.edu.vn,SSL101-HN-HE71,HN,SSL101
109,109,109@fpt.edu.vn,SSL101-HN-HE109,HN,SSL101
832,832,832@fpt.edu.vn,SSL101-HN-HE832,HN,SSL101
801,801,801@fpt.edu.vn,SSL101-HN-HE801,HN,SSL101
833,833,833@fpt.edu.vn,SSL101-HN-HE833,HN,SSL101
802,802,802@fpt.edu.vn,SSL101-HN-HE802,HN,SSL101
91,91,91@fpt.edu.vn,SSL101-HN-HE91,HN,SSL101
803,803,803@fpt.edu.vn,SSL101-HN-HE803,HN,SSL101
110,110,110@fpt.edu.vn,SSL101-HN-HE110,HN,SSL101
29,29,29@fpt.edu.vn,SSL101-HN-HE29,HN,SSL101
30,30,30@fpt.edu.vn,SSL101-HN-HE30,HN,SSL101
111,111,111@fpt.edu.vn,SSL101-HN-HE111,HN,SSL101
112,112,112@fpt.edu.vn,SSL101-HN-HE112,HN,SSL101
836,836,836@fpt.edu.vn,SSL101-HN-HE836,HN,SSL101
92,92,92@fpt.edu.vn,SSL101-HN-HE92,HN,SSL101
93,93,93@fpt.edu.vn,SSL101-HN-HE93,HN,SSL101
113,113,113@fpt.edu.vn,SSL101-HN-HE113,HN,SSL101
118,118,118@fpt.edu.vn,SSL101-HN-HS118,HN,SSL101
369,369,369@fpt.edu.vn,SSL101-HN-HS369,HN,SSL101
370,370,370@fpt.edu.vn,SSL101-HN-HS370,HN,SSL101
371,371,371@fpt.edu.vn,SSL101-HN-HS371,HN,SSL101
372,372,372@fpt.edu.vn,SSL101-HN-HS372,HN,SSL101
119,119,119@fpt.edu.vn,SSL101-HN-HS119,HN,SSL101
120,120,120@fpt.edu.vn,SSL101-HN-HS120,HN,SSL101
349,349,349@fpt.edu.vn,SSL101-HN-HS349,HN,SSL101
350,350,350@fpt.edu.vn,SSL101-HN-HS350,HN,SSL101
121,121,121@fpt.edu.vn,SSL101-HN-HS121,HN,SSL101
351,351,351@fpt.edu.vn,SSL101-HN-HS351,HN,SSL101
373,373,373@fpt.edu.vn,SSL101-HN-HS373,HN,SSL101
352,352,352@fpt.edu.vn,SSL101-HN-HS352,HN,SSL101
122,122,122@fpt.edu.vn,SSL101-HN-HS122,HN,SSL101
353,353,353@fpt.edu.vn,SSL101-HN-HS353,HN,SSL101
374,374,374@fpt.edu.vn,SSL101-HN-HS374,HN,SSL101
123,123,123@fpt.edu.vn,SSL101-HN-HS123,HN,SSL101
375,375,375@fpt.edu.vn,SSL101-HN-HS375,HN,SSL101
354,354,354@fpt.edu.vn,SSL101-HN-HS354,HN,SSL101
376,376,376@fpt.edu.vn,SSL101-HN-HS376,HN,SSL101
355,355,355@fpt.edu.vn,SSL101-HN-HS355,HN,SSL101
377,377,377@fpt.edu.vn,SSL101-HN-HS377,HN,SSL101
378,378,378@fpt.edu.vn,SSL101-HN-HS378,HN,SSL101
356,356,356@fpt.edu.vn,SSL101-HN-HS356,HN,SSL101
357,357,357@fpt.edu.vn,SSL101-HN-HS357,HN,SSL101
379,379,379@fpt.edu.vn,SSL101-HN-HS379,HN,SSL101
124,124,124@fpt.edu.vn,SSL101-HN-HS124,HN,SSL101
125,125,125@fpt.edu.vn,SSL101-HN-HS125,HN,SSL101
358,358,358@fpt.edu.vn,SSL101-HN-HS358,HN,SSL101
126,126,126@fpt.edu.vn,SSL101-HN-HS126,HN,SSL101
127,127,127@fpt.edu.vn,SSL101-HN-HS127,HN,SSL101
128,128,128@fpt.edu.vn,SSL101-HN-HS128,HN,SSL101
380,380,380@fpt.edu.vn,SSL101-HN-HS380,HN,SSL101
381,381,381@fpt.edu.vn,SSL101-HN-HS381,HN,SSL101
129,129,129@fpt.edu.vn,SSL101-HN-HS129,HN,SSL101
359,359,359@fpt.edu.vn,SSL101-HN-HS359,HN,SSL101
382,382,382@fpt.edu.vn,SSL101-HN-HS382,HN,SSL101
383,383,383@fpt.edu.vn,SSL101-HN-HS383,HN,SSL101
384,384,384@fpt.edu.vn,SSL101-HN-HS384,HN,SSL101
360,360,360@fpt.edu.vn,SSL101-HN-HS360,HN,SSL101
385,385,385@fpt.edu.vn,SSL101-HN-HS385,HN,SSL101
361,361,361@fpt.edu.vn,SSL101-HN-HS361,HN,SSL101
130,130,130@fpt.edu.vn,SSL101-HN-HS130,HN,SSL101
362,362,362@fpt.edu.vn,SSL101-HN-HS362,HN,SSL101
52,52,52@fpt.edu.vn,SSL101-HN-HS52,HN,SSL101
386,386,386@fpt.edu.vn,SSL101-HN-HS386,HN,SSL101
387,387,387@fpt.edu.vn,SSL101-HN-HS387,HN,SSL101
131,131,131@fpt.edu.vn,SSL101-HN-HS131,HN,SSL101
132,132,132@fpt.edu.vn,SSL101-HN-HS132,HN,SSL101
133,133,133@fpt.edu.vn,SSL101-HN-HS133,HN,SSL101
134,134,134@fpt.edu.vn,SSL101-HN-HS134,HN,SSL101
135,135,135@fpt.edu.vn,SSL101-HN-HS135,HN,SSL101
388,388,388@fpt.edu.vn,SSL101-HN-HS388,HN,SSL101
389,389,389@fpt.edu.vn,SSL101-HN-HS389,HN,SSL101
363,363,363@fpt.edu.vn,SSL101-HN-HS363,HN,SSL101
364,364,364@fpt.edu.vn,SSL101-HN-HS364,HN,SSL101
365,365,365@fpt.edu.vn,SSL101-HN-HS365,HN,SSL101
390,390,390@fpt.edu.vn,SSL101-HN-HS390,HN,SSL101
136,136,136@fpt.edu.vn,SSL101-HN-HS136,HN,SSL101
366,366,366@fpt.edu.vn,SSL101-HN-HS366,HN,SSL101
367,367,367@fpt.edu.vn,SSL101-HN-HS367,HN,SSL101
391,391,391@fpt.edu.vn,SSL101-HN-HS391,HN,SSL101
392,392,392@fpt.edu.vn,SSL101-HN-HS392,HN,SSL101
368,368,368@fpt.edu.vn,SSL101-HN-HS368,HN,SSL101
393,393,393@fpt.edu.vn,SSL101-HN-HS393,HN,SSL101
394,394,394@fpt.edu.vn,SSL101-HN-HS394,HN,SSL101
395,395,395@fpt.edu.vn,SSL101-HN-HS395,HN,SSL101
396,396,396@fpt.edu.vn,SSL101-HN-HS396,HN,SSL101
397,397,397@fpt.edu.vn,SSL101-HN-HS397,HN,SSL101
137,137,137@fpt.edu.vn,SSL101-HN-HS137,HN,SSL101
138,138,138@fpt.edu.vn,SSL101-HN-HS138,HN,SSL101
139,139,139@fpt.edu.vn,SSL101-HN-HS139,HN,SSL101
140,140,140@fpt.edu.vn,SSL101-HN-HS140,HN,SSL101
141,141,141@fpt.edu.vn,SSL101-HN-HS141,HN,SSL101
142,142,142@fpt.edu.vn,SSL101-HN-HS142,HN,SSL101
143,143,143@fpt.edu.vn,SSL101-HN-HS143,HN,SSL101
876,876,876@fpt.edu.vn,SSL101-SG-SA876,SG,SSL101
877,877,877@fpt.edu.vn,SSL101-SG-SA877,SG,SSL101
878,878,878@fpt.edu.vn,SSL101-SG-SA878,SG,SSL101
879,879,879@fpt.edu.vn,SSL101-SG-SA879,SG,SSL101
880,880,880@fpt.edu.vn,SSL101-SG-SA880,SG,SSL101
881,881,881@fpt.edu.vn,SSL101-SG-SA881,SG,SSL101
982,982,982@fpt.edu.vn,SSL101-SG-SA982,SG,SSL101
983,983,983@fpt.edu.vn,SSL101-SG-SA983,SG,SSL101
984,984,984@fpt.edu.vn,SSL101-SG-SA984,SG,SSL101
985,985,985@fpt.edu.vn,SSL101-SG-SA985,SG,SSL101
986,986,986@fpt.edu.vn,SSL101-SG-SA986,SG,SSL101
987,987,987@fpt.edu.vn,SSL101-SG-SA987,SG,SSL101
988,988,988@fpt.edu.vn,SSL101-SG-SA988,SG,SSL101
989,989,989@fpt.edu.vn,SSL101-SG-SA989,SG,SSL101
1029,1029,1029@fpt.edu.vn,SSL101-SG-SA1029,SG,SSL101
1034,1034,1034@fpt.edu.vn,SSL101-SG-SA1034,SG,SSL101
1064,1064,1064@fpt.edu.vn,SSL101-SG-SA1064,SG,SSL101
859,859,859@fpt.edu.vn,SSL101-SG-SE859,SG,SSL101
860,860,860@fpt.edu.vn,SSL101-SG-SE860,SG,SSL101
918,918,918@fpt.edu.vn,SSL101-SG-SE918,SG,SSL101
1028,1028,1028@fpt.edu.vn,SSL101-SG-SE1028,SG,SSL101
960,960,960@fpt.edu.vn,SSL101-SG-SE960,SG,SSL101
1032,1032,1032@fpt.edu.vn,SSL101-SG-SE1032,SG,SSL101
1049,1049,1049@fpt.edu.vn,SSL101-SG-SE1049,SG,SSL101
1040,1040,1040@fpt.edu.vn,SSL101-SG-SE1040,SG,SSL101
1057,1057,1057@fpt.edu.vn,SSL101-SG-SE1057,SG,SSL101
1050,1050,1050@fpt.edu.vn,SSL101-SG-SE1050,SG,SSL101
1058,1058,1058@fpt.edu.vn,SSL101-SG-SE1058,SG,SSL101
1059,1059,1059@fpt.edu.vn,SSL101-SG-SE1059,SG,SSL101
882,882,882@fpt.edu.vn,SSL101-SG-SE882,SG,SSL101
1060,1060,1060@fpt.edu.vn,SSL101-SG-SE1060,SG,SSL101
838,838,838@fpt.edu.vn,SSL101-SG-SE838,SG,SSL101
883,883,883@fpt.edu.vn,SSL101-SG-SE883,SG,SSL101
1035,1035,1035@fpt.edu.vn,SSL101-SG-SE1035,SG,SSL101
1061,1061,1061@fpt.edu.vn,SSL101-SG-SE1061,SG,SSL101
919,919,919@fpt.edu.vn,SSL101-SG-SE919,SG,SSL101
1041,1041,1041@fpt.edu.vn,SSL101-SG-SE1041,SG,SSL101
990,990,990@fpt.edu.vn,SSL101-SG-SE990,SG,SSL101
861,861,861@fpt.edu.vn,SSL101-SG-SE861,SG,SSL101
1062,1062,1062@fpt.edu.vn,SSL101-SG-SE1062,SG,SSL101
961,961,961@fpt.edu.vn,SSL101-SG-SE961,SG,SSL101
1063,1063,1063@fpt.edu.vn,SSL101-SG-SE1063,SG,SSL101
962,962,962@fpt.edu.vn,SSL101-SG-SE962,SG,SSL101
862,862,862@fpt.edu.vn,SSL101-SG-SE862,SG,SSL101
963,963,963@fpt.edu.vn,SSL101-SG-SE963,SG,SSL101
964,964,964@fpt.edu.vn,SSL101-SG-SE964,SG,SSL101
884,884,884@fpt.edu.vn,SSL101-SG-SE884,SG,SSL101
885,885,885@fpt.edu.vn,SSL101-SG-SE885,SG,SSL101
965,965,965@fpt.edu.vn,SSL101-SG-SE965,SG,SSL101
966,966,966@fpt.edu.vn,SSL101-SG-SE966,SG,SSL101
967,967,967@fpt.edu.vn,SSL101-SG-SE967,SG,SSL101
968,968,968@fpt.edu.vn,SSL101-SG-SE968,SG,SSL101
886,886,886@fpt.edu.vn,SSL101-SG-SE886,SG,SSL101
969,969,969@fpt.edu.vn,SSL101-SG-SE969,SG,SSL101
839,839,839@fpt.edu.vn,SSL101-SG-SE839,SG,SSL101
863,863,863@fpt.edu.vn,SSL101-SG-SE863,SG,SSL101
970,970,970@fpt.edu.vn,SSL101-SG-SE970,SG,SSL101
971,971,971@fpt.edu.vn,SSL101-SG-SE971,SG,SSL101
972,972,972@fpt.edu.vn,SSL101-SG-SE972,SG,SSL101
1053,1053,1053@fpt.edu.vn,SSL101-SG-SE1053,SG,SSL101
840,840,840@fpt.edu.vn,SSL101-SG-SE840,SG,SSL101
1036,1036,1036@fpt.edu.vn,SSL101-SG-SE1036,SG,SSL101
887,887,887@fpt.edu.vn,SSL101-SG-SE887,SG,SSL101
841,841,841@fpt.edu.vn,SSL101-SG-SE841,SG,SSL101
842,842,842@fpt.edu.vn,SSL101-SG-SE842,SG,SSL101
888,888,888@fpt.edu.vn,SSL101-SG-SE888,SG,SSL101
991,991,991@fpt.edu.vn,SSL101-SG-SE991,SG,SSL101
1001,1001,1001@fpt.edu.vn,SSL101-SG-SE1001,SG,SSL101
1054,1054,1054@fpt.edu.vn,SSL101-SG-SE1054,SG,SSL101
1002,1002,1002@fpt.edu.vn,SSL101-SG-SE1002,SG,SSL101
937,937,937@fpt.edu.vn,SSL101-SG-SE937,SG,SSL101
843,843,843@fpt.edu.vn,SSL101-SG-SE843,SG,SSL101
1003,1003,1003@fpt.edu.vn,SSL101-SG-SE1003,SG,SSL101
844,844,844@fpt.edu.vn,SSL101-SG-SE844,SG,SSL101
1004,1004,1004@fpt.edu.vn,SSL101-SG-SE1004,SG,SSL101
938,938,938@fpt.edu.vn,SSL101-SG-SE938,SG,SSL101
889,889,889@fpt.edu.vn,SSL101-SG-SE889,SG,SSL101
1005,1005,1005@fpt.edu.vn,SSL101-SG-SE1005,SG,SSL101
845,845,845@fpt.edu.vn,SSL101-SG-SE845,SG,SSL101
992,992,992@fpt.edu.vn,SSL101-SG-SE992,SG,SSL101
939,939,939@fpt.edu.vn,SSL101-SG-SE939,SG,SSL101
1006,1006,1006@fpt.edu.vn,SSL101-SG-SE1006,SG,SSL101
1007,1007,1007@fpt.edu.vn,SSL101-SG-SE1007,SG,SSL101
890,890,890@fpt.edu.vn,SSL101-SG-SE890,SG,SSL101
846,846,846@fpt.edu.vn,SSL101-SG-SE846,SG,SSL101
1037,1037,1037@fpt.edu.vn,SSL101-SG-SE1037,SG,SSL101
920,920,920@fpt.edu.vn,SSL101-SG-SE920,SG,SSL101
940,940,940@fpt.edu.vn,SSL101-SG-SE940,SG,SSL101
1008,1008,1008@fpt.edu.vn,SSL101-SG-SE1008,SG,SSL101
941,941,941@fpt.edu.vn,SSL101-SG-SE941,SG,SSL101
973,973,973@fpt.edu.vn,SSL101-SG-SE973,SG,SSL101
942,942,942@fpt.edu.vn,SSL101-SG-SE942,SG,SSL101
891,891,891@fpt.edu.vn,SSL101-SG-SE891,SG,SSL101
993,993,993@fpt.edu.vn,SSL101-SG-SE993,SG,SSL101
943,943,943@fpt.edu.vn,SSL101-SG-SE943,SG,SSL101
944,944,944@fpt.edu.vn,SSL101-SG-SE944,SG,SSL101
974,974,974@fpt.edu.vn,SSL101-SG-SE974,SG,SSL101
975,975,975@fpt.edu.vn,SSL101-SG-SE975,SG,SSL101
945,945,945@fpt.edu.vn,SSL101-SG-SE945,SG,SSL101
1009,1009,1009@fpt.edu.vn,SSL101-SG-SE1009,SG,SSL101
1010,1010,1010@fpt.edu.vn,SSL101-SG-SE1010,SG,SSL101
847,847,847@fpt.edu.vn,SSL101-SG-SE847,SG,SSL101
976,976,976@fpt.edu.vn,SSL101-SG-SE976,SG,SSL101
977,977,977@fpt.edu.vn,SSL101-SG-SE977,SG,SSL101
901,901,901@fpt.edu.vn,SSL101-SG-SE901,SG,SSL101
978,978,978@fpt.edu.vn,SSL101-SG-SE978,SG,SSL101
946,946,946@fpt.edu.vn,SSL101-SG-SE946,SG,SSL101
921,921,921@fpt.edu.vn,SSL101-SG-SE921,SG,SSL101
864,864,864@fpt.edu.vn,SSL101-SG-SE864,SG,SSL101
922,922,922@fpt.edu.vn,SSL101-SG-SE922,SG,SSL101
947,947,947@fpt.edu.vn,SSL101-SG-SE947,SG,SSL101
892,892,892@fpt.edu.vn,SSL101-SG-SE892,SG,SSL101
1055,1055,1055@fpt.edu.vn,SSL101-SG-SE1055,SG,SSL101
1011,1011,1011@fpt.edu.vn,SSL101-SG-SE1011,SG,SSL101
948,948,948@fpt.edu.vn,SSL101-SG-SE948,SG,SSL101
865,865,865@fpt.edu.vn,SSL101-SG-SE865,SG,SSL101
1012,1012,1012@fpt.edu.vn,SSL101-SG-SE1012,SG,SSL101
848,848,848@fpt.edu.vn,SSL101-SG-SE848,SG,SSL101
994,994,994@fpt.edu.vn,SSL101-SG-SE994,SG,SSL101
866,866,866@fpt.edu.vn,SSL101-SG-SE866,SG,SSL101
1013,1013,1013@fpt.edu.vn,SSL101-SG-SE1013,SG,SSL101
1014,1014,1014@fpt.edu.vn,SSL101-SG-SE1014,SG,SSL101
1015,1015,1015@fpt.edu.vn,SSL101-SG-SE1015,SG,SSL101
1016,1016,1016@fpt.edu.vn,SSL101-SG-SE1016,SG,SSL101
867,867,867@fpt.edu.vn,SSL101-SG-SE867,SG,SSL101
893,893,893@fpt.edu.vn,SSL101-SG-SE893,SG,SSL101
1033,1033,1033@fpt.edu.vn,SSL101-SG-SE1033,SG,SSL101
995,995,995@fpt.edu.vn,SSL101-SG-SE995,SG,SSL101
894,894,894@fpt.edu.vn,SSL101-SG-SE894,SG,SSL101
1038,1038,1038@fpt.edu.vn,SSL101-SG-SE1038,SG,SSL101
1017,1017,1017@fpt.edu.vn,SSL101-SG-SE1017,SG,SSL101
849,849,849@fpt.edu.vn,SSL101-SG-SE849,SG,SSL101
895,895,895@fpt.edu.vn,SSL101-SG-SE895,SG,SSL101
850,850,850@fpt.edu.vn,SSL101-SG-SE850,SG,SSL101
868,868,868@fpt.edu.vn,SSL101-SG-SE868,SG,SSL101
949,949,949@fpt.edu.vn,SSL101-SG-SE949,SG,SSL101
996,996,996@fpt.edu.vn,SSL101-SG-SE996,SG,SSL101
851,851,851@fpt.edu.vn,SSL101-SG-SE851,SG,SSL101
869,869,869@fpt.edu.vn,SSL101-SG-SE869,SG,SSL101
950,950,950@fpt.edu.vn,SSL101-SG-SE950,SG,SSL101
870,870,870@fpt.edu.vn,SSL101-SG-SE870,SG,SSL101
871,871,871@fpt.edu.vn,SSL101-SG-SE871,SG,SSL101
896,896,896@fpt.edu.vn,SSL101-SG-SE896,SG,SSL101
1018,1018,1018@fpt.edu.vn,SSL101-SG-SE1018,SG,SSL101
852,852,852@fpt.edu.vn,SSL101-SG-SE852,SG,SSL101
872,872,872@fpt.edu.vn,SSL101-SG-SE872,SG,SSL101
853,853,853@fpt.edu.vn,SSL101-SG-SE853,SG,SSL101
1019,1019,1019@fpt.edu.vn,SSL101-SG-SE1019,SG,SSL101
997,997,997@fpt.edu.vn,SSL101-SG-SE997,SG,SSL101
1039,1039,1039@fpt.edu.vn,SSL101-SG-SE1039,SG,SSL101
979,979,979@fpt.edu.vn,SSL101-SG-SE979,SG,SSL101
873,873,873@fpt.edu.vn,SSL101-SG-SE873,SG,SSL101
951,951,951@fpt.edu.vn,SSL101-SG-SE951,SG,SSL101
1020,1020,1020@fpt.edu.vn,SSL101-SG-SE1020,SG,SSL101
952,952,952@fpt.edu.vn,SSL101-SG-SE952,SG,SSL101
902,902,902@fpt.edu.vn,SSL101-SG-SE902,SG,SSL101
953,953,953@fpt.edu.vn,SSL101-SG-SE953,SG,SSL101
954,954,954@fpt.edu.vn,SSL101-SG-SE954,SG,SSL101
980,980,980@fpt.edu.vn,SSL101-SG-SE980,SG,SSL101
854,854,854@fpt.edu.vn,SSL101-SG-SE854,SG,SSL101
855,855,855@fpt.edu.vn,SSL101-SG-SE855,SG,SSL101
955,955,955@fpt.edu.vn,SSL101-SG-SE955,SG,SSL101
1021,1021,1021@fpt.edu.vn,SSL101-SG-SE1021,SG,SSL101
856,856,856@fpt.edu.vn,SSL101-SG-SE856,SG,SSL101
857,857,857@fpt.edu.vn,SSL101-SG-SE857,SG,SSL101
897,897,897@fpt.edu.vn,SSL101-SG-SE897,SG,SSL101
874,874,874@fpt.edu.vn,SSL101-SG-SE874,SG,SSL101
1022,1022,1022@fpt.edu.vn,SSL101-SG-SE1022,SG,SSL101
1023,1023,1023@fpt.edu.vn,SSL101-SG-SE1023,SG,SSL101
1024,1024,1024@fpt.edu.vn,SSL101-SG-SE1024,SG,SSL101
1025,1025,1025@fpt.edu.vn,SSL101-SG-SE1025,SG,SSL101
956,956,956@fpt.edu.vn,SSL101-SG-SE956,SG,SSL101
1031,1031,1031@fpt.edu.vn,SSL101-SG-SE1031,SG,SSL101
858,858,858@fpt.edu.vn,SSL101-SG-SE858,SG,SSL101
957,957,957@fpt.edu.vn,SSL101-SG-SE957,SG,SSL101
1026,1026,1026@fpt.edu.vn,SSL101-SG-SE1026,SG,SSL101
898,898,898@fpt.edu.vn,SSL101-SG-SE898,SG,SSL101
958,958,958@fpt.edu.vn,SSL101-SG-SE958,SG,SSL101
899,899,899@fpt.edu.vn,SSL101-SG-SE899,SG,SSL101
1027,1027,1027@fpt.edu.vn,SSL101-SG-SE1027,SG,SSL101
900,900,900@fpt.edu.vn,SSL101-SG-SE900,SG,SSL101
981,981,981@fpt.edu.vn,SSL101-SG-SE981,SG,SSL101
875,875,875@fpt.edu.vn,SSL101-SG-SE875,SG,SSL101
1030,1030,1030@fpt.edu.vn,SSL101-SG-SE1030,SG,SSL101
1042,1042,1042@fpt.edu.vn,SSL101-SG-SS1042,SG,SSL101
1051,1051,1051@fpt.edu.vn,SSL101-SG-SS1051,SG,SSL101
1043,1043,1043@fpt.edu.vn,SSL101-SG-SS1043,SG,SSL101
903,903,903@fpt.edu.vn,SSL101-SG-SS903,SG,SSL101
1044,1044,1044@fpt.edu.vn,SSL101-SG-SS1044,SG,SSL101
923,923,923@fpt.edu.vn,SSL101-SG-SS923,SG,SSL101
904,904,904@fpt.edu.vn,SSL101-SG-SS904,SG,SSL101
905,905,905@fpt.edu.vn,SSL101-SG-SS905,SG,SSL101
906,906,906@fpt.edu.vn,SSL101-SG-SS906,SG,SSL101
907,907,907@fpt.edu.vn,SSL101-SG-SS907,SG,SSL101
924,924,924@fpt.edu.vn,SSL101-SG-SS924,SG,SSL101
925,925,925@fpt.edu.vn,SSL101-SG-SS925,SG,SSL101
1056,1056,1056@fpt.edu.vn,SSL101-SG-SS1056,SG,SSL101
998,998,998@fpt.edu.vn,SSL101-SG-SS998,SG,SSL101
926,926,926@fpt.edu.vn,SSL101-SG-SS926,SG,SSL101
927,927,927@fpt.edu.vn,SSL101-SG-SS927,SG,SSL101
928,928,928@fpt.edu.vn,SSL101-SG-SS928,SG,SSL101
929,929,929@fpt.edu.vn,SSL101-SG-SS929,SG,SSL101
959,959,959@fpt.edu.vn,SSL101-SG-SS959,SG,SSL101
1045,1045,1045@fpt.edu.vn,SSL101-SG-SS1045,SG,SSL101
908,908,908@fpt.edu.vn,SSL101-SG-SS908,SG,SSL101
930,930,930@fpt.edu.vn,SSL101-SG-SS930,SG,SSL101
1046,1046,1046@fpt.edu.vn,SSL101-SG-SS1046,SG,SSL101
1052,1052,1052@fpt.edu.vn,SSL101-SG-SS1052,SG,SSL101
1047,1047,1047@fpt.edu.vn,SSL101-SG-SS1047,SG,SSL101
1048,1048,1048@fpt.edu.vn,SSL101-SG-SS1048,SG,SSL101
931,931,931@fpt.edu.vn,SSL101-SG-SS931,SG,SSL101
999,999,999@fpt.edu.vn,SSL101-SG-SS999,SG,SSL101
909,909,909@fpt.edu.vn,SSL101-SG-SS909,SG,SSL101
932,932,932@fpt.edu.vn,SSL101-SG-SS932,SG,SSL101
910,910,910@fpt.edu.vn,SSL101-SG-SS910,SG,SSL101
911,911,911@fpt.edu.vn,SSL101-SG-SS911,SG,SSL101
933,933,933@fpt.edu.vn,SSL101-SG-SS933,SG,SSL101
912,912,912@fpt.edu.vn,SSL101-SG-SS912,SG,SSL101
913,913,913@fpt.edu.vn,SSL101-SG-SS913,SG,SSL101
914,914,914@fpt.edu.vn,SSL101-SG-SS914,SG,SSL101
915,915,915@fpt.edu.vn,SSL101-SG-SS915,SG,SSL101
934,934,934@fpt.edu.vn,SSL101-SG-SS934,SG,SSL101
935,935,935@fpt.edu.vn,SSL101-SG-SS935,SG,SSL101
916,916,916@fpt.edu.vn,SSL101-SG-SS916,SG,SSL101
1000,1000,1000@fpt.edu.vn,SSL101-SG-SS1000,SG,SSL101
917,917,917@fpt.edu.vn,SSL101-SG-SS917,SG,SSL101
936,936,936@fpt.edu.vn,SSL101-SG-SS936,SG,SSL101
1717,1717,1717@fpt.edu.vn,WED201c-DN-D1717,DN,WED201c
1790,1790,1790@fpt.edu.vn,WED201c-DN-D1790,DN,WED201c
1718,1718,1718@fpt.edu.vn,WED201c-DN-D1718,DN,WED201c
1791,1791,1791@fpt.edu.vn,WED201c-DN-D1791,DN,WED201c
1690,1690,1690@fpt.edu.vn,WED201c-DN-D1690,DN,WED201c
1691,1691,1691@fpt.edu.vn,WED201c-DN-D1691,DN,WED201c
1792,1792,1792@fpt.edu.vn,WED201c-DN-D1792,DN,WED201c
1793,1793,1793@fpt.edu.vn,WED201c-DN-D1793,DN,WED201c
1692,1692,1692@fpt.edu.vn,WED201c-DN-D1692,DN,WED201c
1794,1794,1794@fpt.edu.vn,WED201c-DN-D1794,DN,WED201c
1693,1693,1693@fpt.edu.vn,WED201c-DN-D1693,DN,WED201c
1694,1694,1694@fpt.edu.vn,WED201c-DN-D1694,DN,WED201c
1695,1695,1695@fpt.edu.vn,WED201c-DN-D1695,DN,WED201c
1696,1696,1696@fpt.edu.vn,WED201c-DN-D1696,DN,WED201c
1795,1795,1795@fpt.edu.vn,WED201c-DN-D1795,DN,WED201c
1697,1697,1697@fpt.edu.vn,WED201c-DN-D1697,DN,WED201c
1698,1698,1698@fpt.edu.vn,WED201c-DN-D1698,DN,WED201c
1796,1796,1796@fpt.edu.vn,WED201c-DN-D1796,DN,WED201c
1699,1699,1699@fpt.edu.vn,WED201c-DN-D1699,DN,WED201c
1797,1797,1797@fpt.edu.vn,WED201c-DN-D1797,DN,WED201c
1766,1766,1766@fpt.edu.vn,WED201c-DN-D1766,DN,WED201c
1700,1700,1700@fpt.edu.vn,WED201c-DN-D1700,DN,WED201c
1812,1812,1812@fpt.edu.vn,WED201c-DN-D1812,DN,WED201c
1701,1701,1701@fpt.edu.vn,WED201c-DN-D1701,DN,WED201c
1798,1798,1798@fpt.edu.vn,WED201c-DN-D1798,DN,WED201c
1719,1719,1719@fpt.edu.vn,WED201c-DN-D1719,DN,WED201c
1720,1720,1720@fpt.edu.vn,WED201c-DN-D1720,DN,WED201c
1813,1813,1813@fpt.edu.vn,WED201c-DN-D1813,DN,WED201c
1721,1721,1721@fpt.edu.vn,WED201c-DN-D1721,DN,WED201c
1799,1799,1799@fpt.edu.vn,WED201c-DN-D1799,DN,WED201c
1722,1722,1722@fpt.edu.vn,WED201c-DN-D1722,DN,WED201c
1800,1800,1800@fpt.edu.vn,WED201c-DN-D1800,DN,WED201c
1723,1723,1723@fpt.edu.vn,WED201c-DN-D1723,DN,WED201c
1724,1724,1724@fpt.edu.vn,WED201c-DN-D1724,DN,WED201c
1725,1725,1725@fpt.edu.vn,WED201c-DN-D1725,DN,WED201c
1767,1767,1767@fpt.edu.vn,WED201c-DN-D1767,DN,WED201c
1726,1726,1726@fpt.edu.vn,WED201c-DN-D1726,DN,WED201c
1727,1727,1727@fpt.edu.vn,WED201c-DN-D1727,DN,WED201c
1768,1768,1768@fpt.edu.vn,WED201c-DN-D1768,DN,WED201c
1728,1728,1728@fpt.edu.vn,WED201c-DN-D1728,DN,WED201c
1801,1801,1801@fpt.edu.vn,WED201c-DN-D1801,DN,WED201c
1802,1802,1802@fpt.edu.vn,WED201c-DN-D1802,DN,WED201c
1814,1814,1814@fpt.edu.vn,WED201c-DN-D1814,DN,WED201c
1729,1729,1729@fpt.edu.vn,WED201c-DN-D1729,DN,WED201c
1730,1730,1730@fpt.edu.vn,WED201c-DN-D1730,DN,WED201c
1731,1731,1731@fpt.edu.vn,WED201c-DN-D1731,DN,WED201c
1732,1732,1732@fpt.edu.vn,WED201c-DN-D1732,DN,WED201c
1815,1815,1815@fpt.edu.vn,WED201c-DN-D1815,DN,WED201c
1743,1743,1743@fpt.edu.vn,WED201c-DN-D1743,DN,WED201c
1765,1765,1765@fpt.edu.vn,WED201c-DN-D1765,DN,WED201c
1733,1733,1733@fpt.edu.vn,WED201c-DN-D1733,DN,WED201c
1734,1734,1734@fpt.edu.vn,WED201c-DN-D1734,DN,WED201c
1744,1744,1744@fpt.edu.vn,WED201c-DN-D1744,DN,WED201c
1745,1745,1745@fpt.edu.vn,WED201c-DN-D1745,DN,WED201c
1746,1746,1746@fpt.edu.vn,WED201c-DN-D1746,DN,WED201c
1769,1769,1769@fpt.edu.vn,WED201c-DN-D1769,DN,WED201c
1747,1747,1747@fpt.edu.vn,WED201c-DN-D1747,DN,WED201c
1748,1748,1748@fpt.edu.vn,WED201c-DN-D1748,DN,WED201c
1803,1803,1803@fpt.edu.vn,WED201c-DN-D1803,DN,WED201c
1749,1749,1749@fpt.edu.vn,WED201c-DN-D1749,DN,WED201c
1816,1816,1816@fpt.edu.vn,WED201c-DN-D1816,DN,WED201c
1750,1750,1750@fpt.edu.vn,WED201c-DN-D1750,DN,WED201c
1804,1804,1804@fpt.edu.vn,WED201c-DN-D1804,DN,WED201c
1751,1751,1751@fpt.edu.vn,WED201c-DN-D1751,DN,WED201c
1752,1752,1752@fpt.edu.vn,WED201c-DN-D1752,DN,WED201c
1753,1753,1753@fpt.edu.vn,WED201c-DN-D1753,DN,WED201c
1805,1805,1805@fpt.edu.vn,WED201c-DN-D1805,DN,WED201c
1817,1817,1817@fpt.edu.vn,WED201c-DN-D1817,DN,WED201c
1754,1754,1754@fpt.edu.vn,WED201c-DN-D1754,DN,WED201c
1755,1755,1755@fpt.edu.vn,WED201c-DN-D1755,DN,WED201c
1818,1818,1818@fpt.edu.vn,WED201c-DN-D1818,DN,WED201c
1756,1756,1756@fpt.edu.vn,WED201c-DN-D1756,DN,WED201c
1735,1735,1735@fpt.edu.vn,WED201c-DN-D1735,DN,WED201c
1806,1806,1806@fpt.edu.vn,WED201c-DN-D1806,DN,WED201c
1807,1807,1807@fpt.edu.vn,WED201c-DN-D1807,DN,WED201c
1770,1770,1770@fpt.edu.vn,WED201c-DN-D1770,DN,WED201c
1771,1771,1771@fpt.edu.vn,WED201c-DN-D1771,DN,WED201c
1808,1808,1808@fpt.edu.vn,WED201c-DN-D1808,DN,WED201c
1772,1772,1772@fpt.edu.vn,WED201c-DN-D1772,DN,WED201c
1819,1819,1819@fpt.edu.vn,WED201c-DN-D1819,DN,WED201c
1809,1809,1809@fpt.edu.vn,WED201c-DN-D1809,DN,WED201c
1702,1702,1702@fpt.edu.vn,WED201c-DN-D1702,DN,WED201c
1703,1703,1703@fpt.edu.vn,WED201c-DN-D1703,DN,WED201c
1773,1773,1773@fpt.edu.vn,WED201c-DN-D1773,DN,WED201c
1704,1704,1704@fpt.edu.vn,WED201c-DN-D1704,DN,WED201c
1774,1774,1774@fpt.edu.vn,WED201c-DN-D1774,DN,WED201c
1736,1736,1736@fpt.edu.vn,WED201c-DN-D1736,DN,WED201c
1705,1705,1705@fpt.edu.vn,WED201c-DN-D1705,DN,WED201c
1706,1706,1706@fpt.edu.vn,WED201c-DN-D1706,DN,WED201c
1775,1775,1775@fpt.edu.vn,WED201c-DN-D1775,DN,WED201c
1776,1776,1776@fpt.edu.vn,WED201c-DN-D1776,DN,WED201c
1777,1777,1777@fpt.edu.vn,WED201c-DN-D1777,DN,WED201c
1778,1778,1778@fpt.edu.vn,WED201c-DN-D1778,DN,WED201c
1779,1779,1779@fpt.edu.vn,WED201c-DN-D1779,DN,WED201c
1737,1737,1737@fpt.edu.vn,WED201c-DN-D1737,DN,WED201c
1780,1780,1780@fpt.edu.vn,WED201c-DN-D1780,DN,WED201c
1820,1820,1820@fpt.edu.vn,WED201c-DN-D1820,DN,WED201c
1781,1781,1781@fpt.edu.vn,WED201c-DN-D1781,DN,WED201c
1789,1789,1789@fpt.edu.vn,WED201c-DN-D1789,DN,WED201c
1821,1821,1821@fpt.edu.vn,WED201c-DN-D1821,DN,WED201c
1738,1738,1738@fpt.edu.vn,WED201c-DN-D1738,DN,WED201c
1810,1810,1810@fpt.edu.vn,WED201c-DN-D1810,DN,WED201c
1739,1739,1739@fpt.edu.vn,WED201c-DN-D1739,DN,WED201c
1740,1740,1740@fpt.edu.vn,WED201c-DN-D1740,DN,WED201c
1782,1782,1782@fpt.edu.vn,WED201c-DN-D1782,DN,WED201c
1811,1811,1811@fpt.edu.vn,WED201c-DN-D1811,DN,WED201c
1822,1822,1822@fpt.edu.vn,WED201c-DN-D1822,DN,WED201c
1783,1783,1783@fpt.edu.vn,WED201c-DN-D1783,DN,WED201c
1741,1741,1741@fpt.edu.vn,WED201c-DN-D1741,DN,WED201c
1784,1784,1784@fpt.edu.vn,WED201c-DN-D1784,DN,WED201c
1823,1823,1823@fpt.edu.vn,WED201c-DN-D1823,DN,WED201c
1757,1757,1757@fpt.edu.vn,WED201c-DN-D1757,DN,WED201c
1785,1785,1785@fpt.edu.vn,WED201c-DN-D1785,DN,WED201c
1707,1707,1707@fpt.edu.vn,WED201c-DN-D1707,DN,WED201c
1708,1708,1708@fpt.edu.vn,WED201c-DN-D1708,DN,WED201c
1709,1709,1709@fpt.edu.vn,WED201c-DN-D1709,DN,WED201c
1710,1710,1710@fpt.edu.vn,WED201c-DN-D1710,DN,WED201c
1758,1758,1758@fpt.edu.vn,WED201c-DN-D1758,DN,WED201c
1759,1759,1759@fpt.edu.vn,WED201c-DN-D1759,DN,WED201c
1824,1824,1824@fpt.edu.vn,WED201c-DN-D1824,DN,WED201c
1760,1760,1760@fpt.edu.vn,WED201c-DN-D1760,DN,WED201c
1761,1761,1761@fpt.edu.vn,WED201c-DN-D1761,DN,WED201c
1762,1762,1762@fpt.edu.vn,WED201c-DN-D1762,DN,WED201c
1711,1711,1711@fpt.edu.vn,WED201c-DN-D1711,DN,WED201c
1825,1825,1825@fpt.edu.vn,WED201c-DN-D1825,DN,WED201c
1826,1826,1826@fpt.edu.vn,WED201c-DN-D1826,DN,WED201c
1763,1763,1763@fpt.edu.vn,WED201c-DN-D1763,DN,WED201c
1712,1712,1712@fpt.edu.vn,WED201c-DN-D1712,DN,WED201c
1713,1713,1713@fpt.edu.vn,WED201c-DN-D1713,DN,WED201c
1742,1742,1742@fpt.edu.vn,WED201c-DN-D1742,DN,WED201c
1841,1841,1841@fpt.edu.vn,WED201c-DN-D1841,DN,WED201c
1714,1714,1714@fpt.edu.vn,WED201c-DN-D1714,DN,WED201c
1786,1786,1786@fpt.edu.vn,WED201c-DN-D1786,DN,WED201c
1787,1787,1787@fpt.edu.vn,WED201c-DN-D1787,DN,WED201c
1716,1716,1716@fpt.edu.vn,WED201c-DN-D1716,DN,WED201c
1715,1715,1715@fpt.edu.vn,WED201c-DN-D1715,DN,WED201c
1764,1764,1764@fpt.edu.vn,WED201c-DN-D1764,DN,WED201c
1827,1827,1827@fpt.edu.vn,WED201c-DN-D1827,DN,WED201c
1839,1839,1839@fpt.edu.vn,WED201c-DN-D1839,DN,WED201c
1840,1840,1840@fpt.edu.vn,WED201c-DN-D1840,DN,WED201c
1838,1838,1838@fpt.edu.vn,WED201c-DN-D1838,DN,WED201c
1828,1828,1828@fpt.edu.vn,WED201c-DN-D1828,DN,WED201c
1829,1829,1829@fpt.edu.vn,WED201c-DN-D1829,DN,WED201c
1830,1830,1830@fpt.edu.vn,WED201c-DN-D1830,DN,WED201c
1831,1831,1831@fpt.edu.vn,WED201c-DN-D1831,DN,WED201c
1788,1788,1788@fpt.edu.vn,WED201c-DN-D1788,DN,WED201c
1842,1842,1842@fpt.edu.vn,WED201c-DN-D1842,DN,WED201c
1837,1837,1837@fpt.edu.vn,WED201c-DN-D1837,DN,WED201c
1832,1832,1832@fpt.edu.vn,WED201c-DN-D1832,DN,WED201c
1833,1833,1833@fpt.edu.vn,WED201c-DN-D1833,DN,WED201c
1834,1834,1834@fpt.edu.vn,WED201c-DN-D1834,DN,WED201c
1835,1835,1835@fpt.edu.vn,WED201c-DN-E1835,DN,WED201c
1836,1836,1836@fpt.edu.vn,WED201c-DN-E1836,DN,WED201c
593,593,593@fpt.edu.vn,WED201c-HN-H593,HN,WED201c
570,570,570@fpt.edu.vn,WED201c-HN-H570,HN,WED201c
571,571,571@fpt.edu.vn,WED201c-HN-H571,HN,WED201c
481,481,481@fpt.edu.vn,WED201c-HN-H481,HN,WED201c
707,707,707@fpt.edu.vn,WED201c-HN-H707,HN,WED201c
398,398,398@fpt.edu.vn,WED201c-HN-H398,HN,WED201c
451,451,451@fpt.edu.vn,WED201c-HN-H451,HN,WED201c
594,594,594@fpt.edu.vn,WED201c-HN-H594,HN,WED201c
620,620,620@fpt.edu.vn,WED201c-HN-H620,HN,WED201c
572,572,572@fpt.edu.vn,WED201c-HN-H572,HN,WED201c
708,708,708@fpt.edu.vn,WED201c-HN-H708,HN,WED201c
399,399,399@fpt.edu.vn,WED201c-HN-H399,HN,WED201c
400,400,400@fpt.edu.vn,WED201c-HN-H400,HN,WED201c
401,401,401@fpt.edu.vn,WED201c-HN-H401,HN,WED201c
482,482,482@fpt.edu.vn,WED201c-HN-H482,HN,WED201c
595,595,595@fpt.edu.vn,WED201c-HN-H595,HN,WED201c
402,402,402@fpt.edu.vn,WED201c-HN-H402,HN,WED201c
452,452,452@fpt.edu.vn,WED201c-HN-H452,HN,WED201c
403,403,403@fpt.edu.vn,WED201c-HN-H403,HN,WED201c
404,404,404@fpt.edu.vn,WED201c-HN-H404,HN,WED201c
405,405,405@fpt.edu.vn,WED201c-HN-H405,HN,WED201c
406,406,406@fpt.edu.vn,WED201c-HN-H406,HN,WED201c
407,407,407@fpt.edu.vn,WED201c-HN-H407,HN,WED201c
510,510,510@fpt.edu.vn,WED201c-HN-H510,HN,WED201c
408,408,408@fpt.edu.vn,WED201c-HN-H408,HN,WED201c
409,409,409@fpt.edu.vn,WED201c-HN-H409,HN,WED201c
678,678,678@fpt.edu.vn,WED201c-HN-H678,HN,WED201c
679,679,679@fpt.edu.vn,WED201c-HN-H679,HN,WED201c
649,649,649@fpt.edu.vn,WED201c-HN-H649,HN,WED201c
650,650,650@fpt.edu.vn,WED201c-HN-H650,HN,WED201c
709,709,709@fpt.edu.vn,WED201c-HN-H709,HN,WED201c
423,423,423@fpt.edu.vn,WED201c-HN-H423,HN,WED201c
424,424,424@fpt.edu.vn,WED201c-HN-H424,HN,WED201c
425,425,425@fpt.edu.vn,WED201c-HN-H425,HN,WED201c
453,453,453@fpt.edu.vn,WED201c-HN-H453,HN,WED201c
426,426,426@fpt.edu.vn,WED201c-HN-H426,HN,WED201c
427,427,427@fpt.edu.vn,WED201c-HN-H427,HN,WED201c
410,410,410@fpt.edu.vn,WED201c-HN-H410,HN,WED201c
428,428,428@fpt.edu.vn,WED201c-HN-H428,HN,WED201c
411,411,411@fpt.edu.vn,WED201c-HN-H411,HN,WED201c
429,429,429@fpt.edu.vn,WED201c-HN-H429,HN,WED201c
412,412,412@fpt.edu.vn,WED201c-HN-H412,HN,WED201c
430,430,430@fpt.edu.vn,WED201c-HN-H430,HN,WED201c
431,431,431@fpt.edu.vn,WED201c-HN-H431,HN,WED201c
432,432,432@fpt.edu.vn,WED201c-HN-H432,HN,WED201c
433,433,433@fpt.edu.vn,WED201c-HN-H433,HN,WED201c
434,434,434@fpt.edu.vn,WED201c-HN-H434,HN,WED201c
435,435,435@fpt.edu.vn,WED201c-HN-H435,HN,WED201c
436,436,436@fpt.edu.vn,WED201c-HN-H436,HN,WED201c
437,437,437@fpt.edu.vn,WED201c-HN-H437,HN,WED201c
438,438,438@fpt.edu.vn,WED201c-HN-H438,HN,WED201c
439,439,439@fpt.edu.vn,WED201c-HN-H439,HN,WED201c
651,651,651@fpt.edu.vn,WED201c-HN-H651,HN,WED201c
652,652,652@fpt.edu.vn,WED201c-HN-H652,HN,WED201c
653,653,653@fpt.edu.vn,WED201c-HN-H653,HN,WED201c
440,440,440@fpt.edu.vn,WED201c-HN-H440,HN,WED201c
441,441,441@fpt.edu.vn,WED201c-HN-H441,HN,WED201c
442,442,442@fpt.edu.vn,WED201c-HN-H442,HN,WED201c
413,413,413@fpt.edu.vn,WED201c-HN-H413,HN,WED201c
329,329,329@fpt.edu.vn,WED201c-HN-H329,HN,WED201c
454,454,454@fpt.edu.vn,WED201c-HN-H454,HN,WED201c
455,455,455@fpt.edu.vn,WED201c-HN-H455,HN,WED201c
540,540,540@fpt.edu.vn,WED201c-HN-H540,HN,WED201c
414,414,414@fpt.edu.vn,WED201c-HN-H414,HN,WED201c
456,456,456@fpt.edu.vn,WED201c-HN-H456,HN,WED201c
457,457,457@fpt.edu.vn,WED201c-HN-H457,HN,WED201c
458,458,458@fpt.edu.vn,WED201c-HN-H458,HN,WED201c
459,459,459@fpt.edu.vn,WED201c-HN-H459,HN,WED201c
460,460,460@fpt.edu.vn,WED201c-HN-H460,HN,WED201c
461,461,461@fpt.edu.vn,WED201c-HN-H461,HN,WED201c
462,462,462@fpt.edu.vn,WED201c-HN-H462,HN,WED201c
463,463,463@fpt.edu.vn,WED201c-HN-H463,HN,WED201c
464,464,464@fpt.edu.vn,WED201c-HN-H464,HN,WED201c
465,465,465@fpt.edu.vn,WED201c-HN-H465,HN,WED201c
483,483,483@fpt.edu.vn,WED201c-HN-H483,HN,WED201c
466,466,466@fpt.edu.vn,WED201c-HN-H466,HN,WED201c
573,573,573@fpt.edu.vn,WED201c-HN-H573,HN,WED201c
467,467,467@fpt.edu.vn,WED201c-HN-H467,HN,WED201c
468,468,468@fpt.edu.vn,WED201c-HN-H468,HN,WED201c
469,469,469@fpt.edu.vn,WED201c-HN-H469,HN,WED201c
470,470,470@fpt.edu.vn,WED201c-HN-H470,HN,WED201c
471,471,471@fpt.edu.vn,WED201c-HN-H471,HN,WED201c
472,472,472@fpt.edu.vn,WED201c-HN-H472,HN,WED201c
473,473,473@fpt.edu.vn,WED201c-HN-H473,HN,WED201c
474,474,474@fpt.edu.vn,WED201c-HN-H474,HN,WED201c
475,475,475@fpt.edu.vn,WED201c-HN-H475,HN,WED201c
476,476,476@fpt.edu.vn,WED201c-HN-H476,HN,WED201c
477,477,477@fpt.edu.vn,WED201c-HN-H477,HN,WED201c
484,484,484@fpt.edu.vn,WED201c-HN-H484,HN,WED201c
485,485,485@fpt.edu.vn,WED201c-HN-H485,HN,WED201c
486,486,486@fpt.edu.vn,WED201c-HN-H486,HN,WED201c
487,487,487@fpt.edu.vn,WED201c-HN-H487,HN,WED201c
596,596,596@fpt.edu.vn,WED201c-HN-H596,HN,WED201c
511,511,511@fpt.edu.vn,WED201c-HN-H511,HN,WED201c
488,488,488@fpt.edu.vn,WED201c-HN-H488,HN,WED201c
489,489,489@fpt.edu.vn,WED201c-HN-H489,HN,WED201c
490,490,490@fpt.edu.vn,WED201c-HN-H490,HN,WED201c
491,491,491@fpt.edu.vn,WED201c-HN-H491,HN,WED201c
492,492,492@fpt.edu.vn,WED201c-HN-H492,HN,WED201c
512,512,512@fpt.edu.vn,WED201c-HN-H512,HN,WED201c
493,493,493@fpt.edu.vn,WED201c-HN-H493,HN,WED201c
654,654,654@fpt.edu.vn,WED201c-HN-H654,HN,WED201c
494,494,494@fpt.edu.vn,WED201c-HN-H494,HN,WED201c
495,495,495@fpt.edu.vn,WED201c-HN-H495,HN,WED201c
710,710,710@fpt.edu.vn,WED201c-HN-H710,HN,WED201c
496,496,496@fpt.edu.vn,WED201c-HN-H496,HN,WED201c
655,655,655@fpt.edu.vn,WED201c-HN-H655,HN,WED201c
497,497,497@fpt.edu.vn,WED201c-HN-H497,HN,WED201c
498,498,498@fpt.edu.vn,WED201c-HN-H498,HN,WED201c
499,499,499@fpt.edu.vn,WED201c-HN-H499,HN,WED201c
500,500,500@fpt.edu.vn,WED201c-HN-H500,HN,WED201c
501,501,501@fpt.edu.vn,WED201c-HN-H501,HN,WED201c
513,513,513@fpt.edu.vn,WED201c-HN-H513,HN,WED201c
502,502,502@fpt.edu.vn,WED201c-HN-H502,HN,WED201c
514,514,514@fpt.edu.vn,WED201c-HN-H514,HN,WED201c
515,515,515@fpt.edu.vn,WED201c-HN-H515,HN,WED201c
503,503,503@fpt.edu.vn,WED201c-HN-H503,HN,WED201c
516,516,516@fpt.edu.vn,WED201c-HN-H516,HN,WED201c
517,517,517@fpt.edu.vn,WED201c-HN-H517,HN,WED201c
518,518,518@fpt.edu.vn,WED201c-HN-H518,HN,WED201c
519,519,519@fpt.edu.vn,WED201c-HN-H519,HN,WED201c
504,504,504@fpt.edu.vn,WED201c-HN-H504,HN,WED201c
520,520,520@fpt.edu.vn,WED201c-HN-H520,HN,WED201c
521,521,521@fpt.edu.vn,WED201c-HN-H521,HN,WED201c
505,505,505@fpt.edu.vn,WED201c-HN-H505,HN,WED201c
541,541,541@fpt.edu.vn,WED201c-HN-H541,HN,WED201c
522,522,522@fpt.edu.vn,WED201c-HN-H522,HN,WED201c
523,523,523@fpt.edu.vn,WED201c-HN-H523,HN,WED201c
621,621,621@fpt.edu.vn,WED201c-HN-H621,HN,WED201c
524,524,524@fpt.edu.vn,WED201c-HN-H524,HN,WED201c
525,525,525@fpt.edu.vn,WED201c-HN-H525,HN,WED201c
526,526,526@fpt.edu.vn,WED201c-HN-H526,HN,WED201c
527,527,527@fpt.edu.vn,WED201c-HN-H527,HN,WED201c
528,528,528@fpt.edu.vn,WED201c-HN-H528,HN,WED201c
732,732,732@fpt.edu.vn,WED201c-HN-H732,HN,WED201c
443,443,443@fpt.edu.vn,WED201c-HN-H443,HN,WED201c
733,733,733@fpt.edu.vn,WED201c-HN-H733,HN,WED201c
529,529,529@fpt.edu.vn,WED201c-HN-H529,HN,WED201c
530,530,530@fpt.edu.vn,WED201c-HN-H530,HN,WED201c
531,531,531@fpt.edu.vn,WED201c-HN-H531,HN,WED201c
532,532,532@fpt.edu.vn,WED201c-HN-H532,HN,WED201c
542,542,542@fpt.edu.vn,WED201c-HN-H542,HN,WED201c
543,543,543@fpt.edu.vn,WED201c-HN-H543,HN,WED201c
544,544,544@fpt.edu.vn,WED201c-HN-H544,HN,WED201c
545,545,545@fpt.edu.vn,WED201c-HN-H545,HN,WED201c
546,546,546@fpt.edu.vn,WED201c-HN-H546,HN,WED201c
547,547,547@fpt.edu.vn,WED201c-HN-H547,HN,WED201c
548,548,548@fpt.edu.vn,WED201c-HN-H548,HN,WED201c
549,549,549@fpt.edu.vn,WED201c-HN-H549,HN,WED201c
533,533,533@fpt.edu.vn,WED201c-HN-H533,HN,WED201c
444,444,444@fpt.edu.vn,WED201c-HN-H444,HN,WED201c
680,680,680@fpt.edu.vn,WED201c-HN-H680,HN,WED201c
597,597,597@fpt.edu.vn,WED201c-HN-H597,HN,WED201c
550,550,550@fpt.edu.vn,WED201c-HN-H550,HN,WED201c
551,551,551@fpt.edu.vn,WED201c-HN-H551,HN,WED201c
552,552,552@fpt.edu.vn,WED201c-HN-H552,HN,WED201c
553,553,553@fpt.edu.vn,WED201c-HN-H553,HN,WED201c
554,554,554@fpt.edu.vn,WED201c-HN-H554,HN,WED201c
555,555,555@fpt.edu.vn,WED201c-HN-H555,HN,WED201c
556,556,556@fpt.edu.vn,WED201c-HN-H556,HN,WED201c
656,656,656@fpt.edu.vn,WED201c-HN-H656,HN,WED201c
557,557,557@fpt.edu.vn,WED201c-HN-H557,HN,WED201c
558,558,558@fpt.edu.vn,WED201c-HN-H558,HN,WED201c
559,559,559@fpt.edu.vn,WED201c-HN-H559,HN,WED201c
560,560,560@fpt.edu.vn,WED201c-HN-H560,HN,WED201c
561,561,561@fpt.edu.vn,WED201c-HN-H561,HN,WED201c
562,562,562@fpt.edu.vn,WED201c-HN-H562,HN,WED201c
330,330,330@fpt.edu.vn,WED201c-HN-H330,HN,WED201c
563,563,563@fpt.edu.vn,WED201c-HN-H563,HN,WED201c
445,445,445@fpt.edu.vn,WED201c-HN-H445,HN,WED201c
534,534,534@fpt.edu.vn,WED201c-HN-H534,HN,WED201c
622,622,622@fpt.edu.vn,WED201c-HN-H622,HN,WED201c
535,535,535@fpt.edu.vn,WED201c-HN-H535,HN,WED201c
657,657,657@fpt.edu.vn,WED201c-HN-H657,HN,WED201c
574,574,574@fpt.edu.vn,WED201c-HN-H574,HN,WED201c
575,575,575@fpt.edu.vn,WED201c-HN-H575,HN,WED201c
536,536,536@fpt.edu.vn,WED201c-HN-H536,HN,WED201c
576,576,576@fpt.edu.vn,WED201c-HN-H576,HN,WED201c
577,577,577@fpt.edu.vn,WED201c-HN-H577,HN,WED201c
578,578,578@fpt.edu.vn,WED201c-HN-H578,HN,WED201c
623,623,623@fpt.edu.vn,WED201c-HN-H623,HN,WED201c
579,579,579@fpt.edu.vn,WED201c-HN-H579,HN,WED201c
580,580,580@fpt.edu.vn,WED201c-HN-H580,HN,WED201c
581,581,581@fpt.edu.vn,WED201c-HN-H581,HN,WED201c
582,582,582@fpt.edu.vn,WED201c-HN-H582,HN,WED201c
583,583,583@fpt.edu.vn,WED201c-HN-H583,HN,WED201c
478,478,478@fpt.edu.vn,WED201c-HN-H478,HN,WED201c
584,584,584@fpt.edu.vn,WED201c-HN-H584,HN,WED201c
585,585,585@fpt.edu.vn,WED201c-HN-H585,HN,WED201c
586,586,586@fpt.edu.vn,WED201c-HN-H586,HN,WED201c
587,587,587@fpt.edu.vn,WED201c-HN-H587,HN,WED201c
588,588,588@fpt.edu.vn,WED201c-HN-H588,HN,WED201c
681,681,681@fpt.edu.vn,WED201c-HN-H681,HN,WED201c
589,589,589@fpt.edu.vn,WED201c-HN-H589,HN,WED201c
590,590,590@fpt.edu.vn,WED201c-HN-H590,HN,WED201c
598,598,598@fpt.edu.vn,WED201c-HN-H598,HN,WED201c
599,599,599@fpt.edu.vn,WED201c-HN-H599,HN,WED201c
564,564,564@fpt.edu.vn,WED201c-HN-H564,HN,WED201c
600,600,600@fpt.edu.vn,WED201c-HN-H600,HN,WED201c
601,601,601@fpt.edu.vn,WED201c-HN-H601,HN,WED201c
602,602,602@fpt.edu.vn,WED201c-HN-H602,HN,WED201c
565,565,565@fpt.edu.vn,WED201c-HN-H565,HN,WED201c
603,603,603@fpt.edu.vn,WED201c-HN-H603,HN,WED201c
604,604,604@fpt.edu.vn,WED201c-HN-H604,HN,WED201c
605,605,605@fpt.edu.vn,WED201c-HN-H605,HN,WED201c
606,606,606@fpt.edu.vn,WED201c-HN-H606,HN,WED201c
415,415,415@fpt.edu.vn,WED201c-HN-H415,HN,WED201c
506,506,506@fpt.edu.vn,WED201c-HN-H506,HN,WED201c
607,607,607@fpt.edu.vn,WED201c-HN-H607,HN,WED201c
608,608,608@fpt.edu.vn,WED201c-HN-H608,HN,WED201c
609,609,609@fpt.edu.vn,WED201c-HN-H609,HN,WED201c
610,610,610@fpt.edu.vn,WED201c-HN-H610,HN,WED201c
537,537,537@fpt.edu.vn,WED201c-HN-H537,HN,WED201c
507,507,507@fpt.edu.vn,WED201c-HN-H507,HN,WED201c
611,611,611@fpt.edu.vn,WED201c-HN-H611,HN,WED201c
734,734,734@fpt.edu.vn,WED201c-HN-H734,HN,WED201c
538,538,538@fpt.edu.vn,WED201c-HN-H538,HN,WED201c
416,416,416@fpt.edu.vn,WED201c-HN-H416,HN,WED201c
612,612,612@fpt.edu.vn,WED201c-HN-H612,HN,WED201c
613,613,613@fpt.edu.vn,WED201c-HN-H613,HN,WED201c
624,624,624@fpt.edu.vn,WED201c-HN-H624,HN,WED201c
625,625,625@fpt.edu.vn,WED201c-HN-H625,HN,WED201c
626,626,626@fpt.edu.vn,WED201c-HN-H626,HN,WED201c
627,627,627@fpt.edu.vn,WED201c-HN-H627,HN,WED201c
628,628,628@fpt.edu.vn,WED201c-HN-H628,HN,WED201c
658,658,658@fpt.edu.vn,WED201c-HN-H658,HN,WED201c
629,629,629@fpt.edu.vn,WED201c-HN-H629,HN,WED201c
630,630,630@fpt.edu.vn,WED201c-HN-H630,HN,WED201c
631,631,631@fpt.edu.vn,WED201c-HN-H631,HN,WED201c
659,659,659@fpt.edu.vn,WED201c-HN-H659,HN,WED201c
632,632,632@fpt.edu.vn,WED201c-HN-H632,HN,WED201c
446,446,446@fpt.edu.vn,WED201c-HN-H446,HN,WED201c
633,633,633@fpt.edu.vn,WED201c-HN-H633,HN,WED201c
634,634,634@fpt.edu.vn,WED201c-HN-H634,HN,WED201c
447,447,447@fpt.edu.vn,WED201c-HN-H447,HN,WED201c
635,635,635@fpt.edu.vn,WED201c-HN-H635,HN,WED201c
636,636,636@fpt.edu.vn,WED201c-HN-H636,HN,WED201c
637,637,637@fpt.edu.vn,WED201c-HN-H637,HN,WED201c
638,638,638@fpt.edu.vn,WED201c-HN-H638,HN,WED201c
682,682,682@fpt.edu.vn,WED201c-HN-H682,HN,WED201c
639,639,639@fpt.edu.vn,WED201c-HN-H639,HN,WED201c
640,640,640@fpt.edu.vn,WED201c-HN-H640,HN,WED201c
641,641,641@fpt.edu.vn,WED201c-HN-H641,HN,WED201c
735,735,735@fpt.edu.vn,WED201c-HN-H735,HN,WED201c
614,614,614@fpt.edu.vn,WED201c-HN-H614,HN,WED201c
479,479,479@fpt.edu.vn,WED201c-HN-H479,HN,WED201c
642,642,642@fpt.edu.vn,WED201c-HN-H642,HN,WED201c
643,643,643@fpt.edu.vn,WED201c-HN-H643,HN,WED201c
644,644,644@fpt.edu.vn,WED201c-HN-H644,HN,WED201c
645,645,645@fpt.edu.vn,WED201c-HN-H645,HN,WED201c
646,646,646@fpt.edu.vn,WED201c-HN-H646,HN,WED201c
660,660,660@fpt.edu.vn,WED201c-HN-H660,HN,WED201c
615,615,615@fpt.edu.vn,WED201c-HN-H615,HN,WED201c
508,508,508@fpt.edu.vn,WED201c-HN-H508,HN,WED201c
647,647,647@fpt.edu.vn,WED201c-HN-H647,HN,WED201c
661,661,661@fpt.edu.vn,WED201c-HN-H661,HN,WED201c
591,591,591@fpt.edu.vn,WED201c-HN-H591,HN,WED201c
662,662,662@fpt.edu.vn,WED201c-HN-H662,HN,WED201c
663,663,663@fpt.edu.vn,WED201c-HN-H663,HN,WED201c
664,664,664@fpt.edu.vn,WED201c-HN-H664,HN,WED201c
665,665,665@fpt.edu.vn,WED201c-HN-H665,HN,WED201c
566,566,566@fpt.edu.vn,WED201c-HN-H566,HN,WED201c
666,666,666@fpt.edu.vn,WED201c-HN-H666,HN,WED201c
667,667,667@fpt.edu.vn,WED201c-HN-H667,HN,WED201c
668,668,668@fpt.edu.vn,WED201c-HN-H668,HN,WED201c
669,669,669@fpt.edu.vn,WED201c-HN-H669,HN,WED201c
670,670,670@fpt.edu.vn,WED201c-HN-H670,HN,WED201c
417,417,417@fpt.edu.vn,WED201c-HN-H417,HN,WED201c
448,448,448@fpt.edu.vn,WED201c-HN-H448,HN,WED201c
418,418,418@fpt.edu.vn,WED201c-HN-H418,HN,WED201c
449,449,449@fpt.edu.vn,WED201c-HN-H449,HN,WED201c
671,671,671@fpt.edu.vn,WED201c-HN-H671,HN,WED201c
672,672,672@fpt.edu.vn,WED201c-HN-H672,HN,WED201c
673,673,673@fpt.edu.vn,WED201c-HN-H673,HN,WED201c
683,683,683@fpt.edu.vn,WED201c-HN-H683,HN,WED201c
674,674,674@fpt.edu.vn,WED201c-HN-H674,HN,WED201c
675,675,675@fpt.edu.vn,WED201c-HN-H675,HN,WED201c
676,676,676@fpt.edu.vn,WED201c-HN-H676,HN,WED201c
684,684,684@fpt.edu.vn,WED201c-HN-H684,HN,WED201c
685,685,685@fpt.edu.vn,WED201c-HN-H685,HN,WED201c
686,686,686@fpt.edu.vn,WED201c-HN-H686,HN,WED201c
419,419,419@fpt.edu.vn,WED201c-HN-H419,HN,WED201c
687,687,687@fpt.edu.vn,WED201c-HN-H687,HN,WED201c
616,616,616@fpt.edu.vn,WED201c-HN-H616,HN,WED201c
688,688,688@fpt.edu.vn,WED201c-HN-H688,HN,WED201c
617,617,617@fpt.edu.vn,WED201c-HN-H617,HN,WED201c
711,711,711@fpt.edu.vn,WED201c-HN-H711,HN,WED201c
689,689,689@fpt.edu.vn,WED201c-HN-H689,HN,WED201c
539,539,539@fpt.edu.vn,WED201c-HN-H539,HN,WED201c
690,690,690@fpt.edu.vn,WED201c-HN-H690,HN,WED201c
691,691,691@fpt.edu.vn,WED201c-HN-H691,HN,WED201c
692,692,692@fpt.edu.vn,WED201c-HN-H692,HN,WED201c
693,693,693@fpt.edu.vn,WED201c-HN-H693,HN,WED201c
694,694,694@fpt.edu.vn,WED201c-HN-H694,HN,WED201c
695,695,695@fpt.edu.vn,WED201c-HN-H695,HN,WED201c
696,696,696@fpt.edu.vn,WED201c-HN-H696,HN,WED201c
697,697,697@fpt.edu.vn,WED201c-HN-H697,HN,WED201c
698,698,698@fpt.edu.vn,WED201c-HN-H698,HN,WED201c
699,699,699@fpt.edu.vn,WED201c-HN-H699,HN,WED201c
592,592,592@fpt.edu.vn,WED201c-HN-H592,HN,WED201c
700,700,700@fpt.edu.vn,WED201c-HN-H700,HN,WED201c
701,701,701@fpt.edu.vn,WED201c-HN-H701,HN,WED201c
702,702,702@fpt.edu.vn,WED201c-HN-H702,HN,WED201c
703,703,703@fpt.edu.vn,WED201c-HN-H703,HN,WED201c
704,704,704@fpt.edu.vn,WED201c-HN-H704,HN,WED201c
705,705,705@fpt.edu.vn,WED201c-HN-H705,HN,WED201c
706,706,706@fpt.edu.vn,WED201c-HN-H706,HN,WED201c
712,712,712@fpt.edu.vn,WED201c-HN-H712,HN,WED201c
713,713,713@fpt.edu.vn,WED201c-HN-H713,HN,WED201c
567,567,567@fpt.edu.vn,WED201c-HN-H567,HN,WED201c
714,714,714@fpt.edu.vn,WED201c-HN-H714,HN,WED201c
715,715,715@fpt.edu.vn,WED201c-HN-H715,HN,WED201c
716,716,716@fpt.edu.vn,WED201c-HN-H716,HN,WED201c
717,717,717@fpt.edu.vn,WED201c-HN-H717,HN,WED201c
718,718,718@fpt.edu.vn,WED201c-HN-H718,HN,WED201c
719,719,719@fpt.edu.vn,WED201c-HN-H719,HN,WED201c
720,720,720@fpt.edu.vn,WED201c-HN-H720,HN,WED201c
568,568,568@fpt.edu.vn,WED201c-HN-H568,HN,WED201c
721,721,721@fpt.edu.vn,WED201c-HN-H721,HN,WED201c
722,722,722@fpt.edu.vn,WED201c-HN-H722,HN,WED201c
723,723,723@fpt.edu.vn,WED201c-HN-H723,HN,WED201c
724,724,724@fpt.edu.vn,WED201c-HN-H724,HN,WED201c
725,725,725@fpt.edu.vn,WED201c-HN-H725,HN,WED201c
648,648,648@fpt.edu.vn,WED201c-HN-H648,HN,WED201c
726,726,726@fpt.edu.vn,WED201c-HN-H726,HN,WED201c
727,727,727@fpt.edu.vn,WED201c-HN-H727,HN,WED201c
728,728,728@fpt.edu.vn,WED201c-HN-H728,HN,WED201c
729,729,729@fpt.edu.vn,WED201c-HN-H729,HN,WED201c
677,677,677@fpt.edu.vn,WED201c-HN-H677,HN,WED201c
730,730,730@fpt.edu.vn,WED201c-HN-H730,HN,WED201c
731,731,731@fpt.edu.vn,WED201c-HN-H731,HN,WED201c
736,736,736@fpt.edu.vn,WED201c-HN-H736,HN,WED201c
737,737,737@fpt.edu.vn,WED201c-HN-H737,HN,WED201c
738,738,738@fpt.edu.vn,WED201c-HN-H738,HN,WED201c
739,739,739@fpt.edu.vn,WED201c-HN-H739,HN,WED201c
740,740,740@fpt.edu.vn,WED201c-HN-H740,HN,WED201c
741,741,741@fpt.edu.vn,WED201c-HN-H741,HN,WED201c
742,742,742@fpt.edu.vn,WED201c-HN-H742,HN,WED201c
480,480,480@fpt.edu.vn,WED201c-HN-H480,HN,WED201c
743,743,743@fpt.edu.vn,WED201c-HN-H743,HN,WED201c
744,744,744@fpt.edu.vn,WED201c-HN-H744,HN,WED201c
745,745,745@fpt.edu.vn,WED201c-HN-H745,HN,WED201c
746,746,746@fpt.edu.vn,WED201c-HN-H746,HN,WED201c
747,747,747@fpt.edu.vn,WED201c-HN-H747,HN,WED201c
748,748,748@fpt.edu.vn,WED201c-HN-H748,HN,WED201c
450,450,450@fpt.edu.vn,WED201c-HN-H450,HN,WED201c
749,749,749@fpt.edu.vn,WED201c-HN-H749,HN,WED201c
750,750,750@fpt.edu.vn,WED201c-HN-H750,HN,WED201c
751,751,751@fpt.edu.vn,WED201c-HN-H751,HN,WED201c
752,752,752@fpt.edu.vn,WED201c-HN-H752,HN,WED201c
618,618,618@fpt.edu.vn,WED201c-HN-H618,HN,WED201c
619,619,619@fpt.edu.vn,WED201c-HN-H619,HN,WED201c
331,331,331@fpt.edu.vn,WED201c-HN-H331,HN,WED201c
332,332,332@fpt.edu.vn,WED201c-HN-H332,HN,WED201c
333,333,333@fpt.edu.vn,WED201c-HN-H333,HN,WED201c
334,334,334@fpt.edu.vn,WED201c-HN-H334,HN,WED201c
335,335,335@fpt.edu.vn,WED201c-HN-H335,HN,WED201c
336,336,336@fpt.edu.vn,WED201c-HN-H336,HN,WED201c
337,337,337@fpt.edu.vn,WED201c-HN-H337,HN,WED201c
338,338,338@fpt.edu.vn,WED201c-HN-H338,HN,WED201c
339,339,339@fpt.edu.vn,WED201c-HN-H339,HN,WED201c
340,340,340@fpt.edu.vn,WED201c-HN-H340,HN,WED201c
341,341,341@fpt.edu.vn,WED201c-HN-H341,HN,WED201c
342,342,342@fpt.edu.vn,WED201c-HN-H342,HN,WED201c
343,343,343@fpt.edu.vn,WED201c-HN-H343,HN,WED201c
344,344,344@fpt.edu.vn,WED201c-HN-H344,HN,WED201c
345,345,345@fpt.edu.vn,WED201c-HN-H345,HN,WED201c
837,837,837@fpt.edu.vn,WED201c-HN-H837,HN,WED201c
569,569,569@fpt.edu.vn,WED201c-HN-S569,HN,WED201c
420,420,420@fpt.edu.vn,WED201c-HN-S420,HN,WED201c
421,421,421@fpt.edu.vn,WED201c-HN-S421,HN,WED201c
346,346,346@fpt.edu.vn,WED201c-HN-S346,HN,WED201c
422,422,422@fpt.edu.vn,WED201c-HN-S422,HN,WED201c
509,509,509@fpt.edu.vn,WED201c-HN-S509,HN,WED201c
347,347,347@fpt.edu.vn,WED201c-HN-S347,HN,WED201c
1268,1268,1268@fpt.edu.vn,WED201c-SG-S1268,SG,WED201c
1224,1224,1224@fpt.edu.vn,WED201c-SG-S1224,SG,WED201c
1452,1452,1452@fpt.edu.vn,WED201c-SG-S1452,SG,WED201c
1171,1171,1171@fpt.edu.vn,WED201c-SG-S1171,SG,WED201c
1397,1397,1397@fpt.edu.vn,WED201c-SG-S1397,SG,WED201c
1450,1450,1450@fpt.edu.vn,WED201c-SG-S1450,SG,WED201c
1225,1225,1225@fpt.edu.vn,WED201c-SG-S1225,SG,WED201c
1065,1065,1065@fpt.edu.vn,WED201c-SG-S1065,SG,WED201c
1143,1143,1143@fpt.edu.vn,WED201c-SG-S1143,SG,WED201c
1398,1398,1398@fpt.edu.vn,WED201c-SG-S1398,SG,WED201c
1172,1172,1172@fpt.edu.vn,WED201c-SG-S1172,SG,WED201c
1173,1173,1173@fpt.edu.vn,WED201c-SG-S1173,SG,WED201c
1174,1174,1174@fpt.edu.vn,WED201c-SG-S1174,SG,WED201c
1175,1175,1175@fpt.edu.vn,WED201c-SG-S1175,SG,WED201c
1269,1269,1269@fpt.edu.vn,WED201c-SG-S1269,SG,WED201c
1144,1144,1144@fpt.edu.vn,WED201c-SG-S1144,SG,WED201c
1270,1270,1270@fpt.edu.vn,WED201c-SG-S1270,SG,WED201c
1271,1271,1271@fpt.edu.vn,WED201c-SG-S1271,SG,WED201c
1249,1249,1249@fpt.edu.vn,WED201c-SG-S1249,SG,WED201c
1250,1250,1250@fpt.edu.vn,WED201c-SG-S1250,SG,WED201c
1399,1399,1399@fpt.edu.vn,WED201c-SG-S1399,SG,WED201c
1145,1145,1145@fpt.edu.vn,WED201c-SG-S1145,SG,WED201c
1146,1146,1146@fpt.edu.vn,WED201c-SG-S1146,SG,WED201c
1226,1226,1226@fpt.edu.vn,WED201c-SG-S1226,SG,WED201c
1227,1227,1227@fpt.edu.vn,WED201c-SG-S1227,SG,WED201c
1228,1228,1228@fpt.edu.vn,WED201c-SG-S1228,SG,WED201c
1066,1066,1066@fpt.edu.vn,WED201c-SG-S1066,SG,WED201c
1400,1400,1400@fpt.edu.vn,WED201c-SG-S1400,SG,WED201c
1116,1116,1116@fpt.edu.vn,WED201c-SG-S1116,SG,WED201c
1067,1067,1067@fpt.edu.vn,WED201c-SG-S1067,SG,WED201c
1091,1091,1091@fpt.edu.vn,WED201c-SG-S1091,SG,WED201c
1176,1176,1176@fpt.edu.vn,WED201c-SG-S1176,SG,WED201c
1347,1347,1347@fpt.edu.vn,WED201c-SG-S1347,SG,WED201c
1177,1177,1177@fpt.edu.vn,WED201c-SG-S1177,SG,WED201c
1178,1178,1178@fpt.edu.vn,WED201c-SG-S1178,SG,WED201c
1229,1229,1229@fpt.edu.vn,WED201c-SG-S1229,SG,WED201c
1117,1117,1117@fpt.edu.vn,WED201c-SG-S1117,SG,WED201c
1401,1401,1401@fpt.edu.vn,WED201c-SG-S1401,SG,WED201c
1118,1118,1118@fpt.edu.vn,WED201c-SG-S1118,SG,WED201c
1068,1068,1068@fpt.edu.vn,WED201c-SG-S1068,SG,WED201c
1230,1230,1230@fpt.edu.vn,WED201c-SG-S1230,SG,WED201c
1147,1147,1147@fpt.edu.vn,WED201c-SG-S1147,SG,WED201c
1092,1092,1092@fpt.edu.vn,WED201c-SG-S1092,SG,WED201c
1321,1321,1321@fpt.edu.vn,WED201c-SG-S1321,SG,WED201c
1322,1322,1322@fpt.edu.vn,WED201c-SG-S1322,SG,WED201c
1251,1251,1251@fpt.edu.vn,WED201c-SG-S1251,SG,WED201c
1252,1252,1252@fpt.edu.vn,WED201c-SG-S1252,SG,WED201c
1253,1253,1253@fpt.edu.vn,WED201c-SG-S1253,SG,WED201c
1254,1254,1254@fpt.edu.vn,WED201c-SG-S1254,SG,WED201c
1255,1255,1255@fpt.edu.vn,WED201c-SG-S1255,SG,WED201c
1272,1272,1272@fpt.edu.vn,WED201c-SG-S1272,SG,WED201c
1179,1179,1179@fpt.edu.vn,WED201c-SG-S1179,SG,WED201c
1373,1373,1373@fpt.edu.vn,WED201c-SG-S1373,SG,WED201c
1180,1180,1180@fpt.edu.vn,WED201c-SG-S1180,SG,WED201c
1181,1181,1181@fpt.edu.vn,WED201c-SG-S1181,SG,WED201c
1182,1182,1182@fpt.edu.vn,WED201c-SG-S1182,SG,WED201c
1183,1183,1183@fpt.edu.vn,WED201c-SG-S1183,SG,WED201c
1402,1402,1402@fpt.edu.vn,WED201c-SG-S1402,SG,WED201c
1256,1256,1256@fpt.edu.vn,WED201c-SG-S1256,SG,WED201c
1403,1403,1403@fpt.edu.vn,WED201c-SG-S1403,SG,WED201c
1257,1257,1257@fpt.edu.vn,WED201c-SG-S1257,SG,WED201c
1273,1273,1273@fpt.edu.vn,WED201c-SG-S1273,SG,WED201c
1119,1119,1119@fpt.edu.vn,WED201c-SG-S1119,SG,WED201c
1323,1323,1323@fpt.edu.vn,WED201c-SG-S1323,SG,WED201c
1258,1258,1258@fpt.edu.vn,WED201c-SG-S1258,SG,WED201c
1231,1231,1231@fpt.edu.vn,WED201c-SG-S1231,SG,WED201c
1374,1374,1374@fpt.edu.vn,WED201c-SG-S1374,SG,WED201c
1375,1375,1375@fpt.edu.vn,WED201c-SG-S1375,SG,WED201c
1259,1259,1259@fpt.edu.vn,WED201c-SG-S1259,SG,WED201c
1376,1376,1376@fpt.edu.vn,WED201c-SG-S1376,SG,WED201c
1184,1184,1184@fpt.edu.vn,WED201c-SG-S1184,SG,WED201c
1093,1093,1093@fpt.edu.vn,WED201c-SG-S1093,SG,WED201c
1185,1185,1185@fpt.edu.vn,WED201c-SG-S1185,SG,WED201c
1148,1148,1148@fpt.edu.vn,WED201c-SG-S1148,SG,WED201c
1069,1069,1069@fpt.edu.vn,WED201c-SG-S1069,SG,WED201c
1120,1120,1120@fpt.edu.vn,WED201c-SG-S1120,SG,WED201c
1348,1348,1348@fpt.edu.vn,WED201c-SG-S1348,SG,WED201c
1274,1274,1274@fpt.edu.vn,WED201c-SG-S1274,SG,WED201c
1349,1349,1349@fpt.edu.vn,WED201c-SG-S1349,SG,WED201c
1149,1149,1149@fpt.edu.vn,WED201c-SG-S1149,SG,WED201c
1350,1350,1350@fpt.edu.vn,WED201c-SG-S1350,SG,WED201c
1260,1260,1260@fpt.edu.vn,WED201c-SG-S1260,SG,WED201c
1150,1150,1150@fpt.edu.vn,WED201c-SG-S1150,SG,WED201c
1151,1151,1151@fpt.edu.vn,WED201c-SG-S1151,SG,WED201c
1275,1275,1275@fpt.edu.vn,WED201c-SG-S1275,SG,WED201c
1261,1261,1261@fpt.edu.vn,WED201c-SG-S1261,SG,WED201c
1324,1324,1324@fpt.edu.vn,WED201c-SG-S1324,SG,WED201c
1121,1121,1121@fpt.edu.vn,WED201c-SG-S1121,SG,WED201c
1295,1295,1295@fpt.edu.vn,WED201c-SG-S1295,SG,WED201c
1122,1122,1122@fpt.edu.vn,WED201c-SG-S1122,SG,WED201c
1152,1152,1152@fpt.edu.vn,WED201c-SG-S1152,SG,WED201c
1296,1296,1296@fpt.edu.vn,WED201c-SG-S1296,SG,WED201c
1423,1423,1423@fpt.edu.vn,WED201c-SG-S1423,SG,WED201c
1153,1153,1153@fpt.edu.vn,WED201c-SG-S1153,SG,WED201c
1297,1297,1297@fpt.edu.vn,WED201c-SG-S1297,SG,WED201c
1298,1298,1298@fpt.edu.vn,WED201c-SG-S1298,SG,WED201c
1070,1070,1070@fpt.edu.vn,WED201c-SG-S1070,SG,WED201c
1123,1123,1123@fpt.edu.vn,WED201c-SG-S1123,SG,WED201c
1198,1198,1198@fpt.edu.vn,WED201c-SG-S1198,SG,WED201c
1199,1199,1199@fpt.edu.vn,WED201c-SG-S1199,SG,WED201c
1200,1200,1200@fpt.edu.vn,WED201c-SG-S1200,SG,WED201c
1276,1276,1276@fpt.edu.vn,WED201c-SG-S1276,SG,WED201c
1424,1424,1424@fpt.edu.vn,WED201c-SG-S1424,SG,WED201c
1277,1277,1277@fpt.edu.vn,WED201c-SG-S1277,SG,WED201c
1404,1404,1404@fpt.edu.vn,WED201c-SG-S1404,SG,WED201c
1154,1154,1154@fpt.edu.vn,WED201c-SG-S1154,SG,WED201c
1425,1425,1425@fpt.edu.vn,WED201c-SG-S1425,SG,WED201c
1071,1071,1071@fpt.edu.vn,WED201c-SG-S1071,SG,WED201c
1072,1072,1072@fpt.edu.vn,WED201c-SG-S1072,SG,WED201c
1405,1405,1405@fpt.edu.vn,WED201c-SG-S1405,SG,WED201c
1155,1155,1155@fpt.edu.vn,WED201c-SG-S1155,SG,WED201c
1406,1406,1406@fpt.edu.vn,WED201c-SG-S1406,SG,WED201c
1426,1426,1426@fpt.edu.vn,WED201c-SG-S1426,SG,WED201c
1299,1299,1299@fpt.edu.vn,WED201c-SG-S1299,SG,WED201c
1201,1201,1201@fpt.edu.vn,WED201c-SG-S1201,SG,WED201c
1300,1300,1300@fpt.edu.vn,WED201c-SG-S1300,SG,WED201c
1301,1301,1301@fpt.edu.vn,WED201c-SG-S1301,SG,WED201c
1232,1232,1232@fpt.edu.vn,WED201c-SG-S1232,SG,WED201c
1302,1302,1302@fpt.edu.vn,WED201c-SG-S1302,SG,WED201c
1073,1073,1073@fpt.edu.vn,WED201c-SG-S1073,SG,WED201c
1186,1186,1186@fpt.edu.vn,WED201c-SG-S1186,SG,WED201c
1303,1303,1303@fpt.edu.vn,WED201c-SG-S1303,SG,WED201c
1094,1094,1094@fpt.edu.vn,WED201c-SG-S1094,SG,WED201c
1156,1156,1156@fpt.edu.vn,WED201c-SG-S1156,SG,WED201c
1427,1427,1427@fpt.edu.vn,WED201c-SG-S1427,SG,WED201c
1262,1262,1262@fpt.edu.vn,WED201c-SG-S1262,SG,WED201c
1278,1278,1278@fpt.edu.vn,WED201c-SG-S1278,SG,WED201c
1428,1428,1428@fpt.edu.vn,WED201c-SG-S1428,SG,WED201c
1429,1429,1429@fpt.edu.vn,WED201c-SG-S1429,SG,WED201c
1279,1279,1279@fpt.edu.vn,WED201c-SG-S1279,SG,WED201c
1325,1325,1325@fpt.edu.vn,WED201c-SG-S1325,SG,WED201c
1304,1304,1304@fpt.edu.vn,WED201c-SG-S1304,SG,WED201c
1202,1202,1202@fpt.edu.vn,WED201c-SG-S1202,SG,WED201c
1157,1157,1157@fpt.edu.vn,WED201c-SG-S1157,SG,WED201c
1280,1280,1280@fpt.edu.vn,WED201c-SG-S1280,SG,WED201c
1281,1281,1281@fpt.edu.vn,WED201c-SG-S1281,SG,WED201c
1158,1158,1158@fpt.edu.vn,WED201c-SG-S1158,SG,WED201c
1159,1159,1159@fpt.edu.vn,WED201c-SG-S1159,SG,WED201c
1430,1430,1430@fpt.edu.vn,WED201c-SG-S1430,SG,WED201c
1282,1282,1282@fpt.edu.vn,WED201c-SG-S1282,SG,WED201c
1074,1074,1074@fpt.edu.vn,WED201c-SG-S1074,SG,WED201c
1187,1187,1187@fpt.edu.vn,WED201c-SG-S1187,SG,WED201c
1188,1188,1188@fpt.edu.vn,WED201c-SG-S1188,SG,WED201c
1189,1189,1189@fpt.edu.vn,WED201c-SG-S1189,SG,WED201c
1305,1305,1305@fpt.edu.vn,WED201c-SG-S1305,SG,WED201c
1377,1377,1377@fpt.edu.vn,WED201c-SG-S1377,SG,WED201c
1283,1283,1283@fpt.edu.vn,WED201c-SG-S1283,SG,WED201c
1284,1284,1284@fpt.edu.vn,WED201c-SG-S1284,SG,WED201c
1285,1285,1285@fpt.edu.vn,WED201c-SG-S1285,SG,WED201c
1407,1407,1407@fpt.edu.vn,WED201c-SG-S1407,SG,WED201c
1286,1286,1286@fpt.edu.vn,WED201c-SG-S1286,SG,WED201c
1306,1306,1306@fpt.edu.vn,WED201c-SG-S1306,SG,WED201c
1124,1124,1124@fpt.edu.vn,WED201c-SG-S1124,SG,WED201c
1307,1307,1307@fpt.edu.vn,WED201c-SG-S1307,SG,WED201c
1287,1287,1287@fpt.edu.vn,WED201c-SG-S1287,SG,WED201c
1125,1125,1125@fpt.edu.vn,WED201c-SG-S1125,SG,WED201c
1126,1126,1126@fpt.edu.vn,WED201c-SG-S1126,SG,WED201c
1075,1075,1075@fpt.edu.vn,WED201c-SG-S1075,SG,WED201c
1076,1076,1076@fpt.edu.vn,WED201c-SG-S1076,SG,WED201c
1431,1431,1431@fpt.edu.vn,WED201c-SG-S1431,SG,WED201c
1077,1077,1077@fpt.edu.vn,WED201c-SG-S1077,SG,WED201c
1078,1078,1078@fpt.edu.vn,WED201c-SG-S1078,SG,WED201c
1432,1432,1432@fpt.edu.vn,WED201c-SG-S1432,SG,WED201c
1433,1433,1433@fpt.edu.vn,WED201c-SG-S1433,SG,WED201c
1079,1079,1079@fpt.edu.vn,WED201c-SG-S1079,SG,WED201c
1288,1288,1288@fpt.edu.vn,WED201c-SG-S1288,SG,WED201c
1080,1080,1080@fpt.edu.vn,WED201c-SG-S1080,SG,WED201c
1095,1095,1095@fpt.edu.vn,WED201c-SG-S1095,SG,WED201c
1203,1203,1203@fpt.edu.vn,WED201c-SG-S1203,SG,WED201c
1204,1204,1204@fpt.edu.vn,WED201c-SG-S1204,SG,WED201c
1205,1205,1205@fpt.edu.vn,WED201c-SG-S1205,SG,WED201c
1308,1308,1308@fpt.edu.vn,WED201c-SG-S1308,SG,WED201c
1454,1454,1454@fpt.edu.vn,WED201c-SG-S1454,SG,WED201c
1206,1206,1206@fpt.edu.vn,WED201c-SG-S1206,SG,WED201c
1081,1081,1081@fpt.edu.vn,WED201c-SG-S1081,SG,WED201c
1082,1082,1082@fpt.edu.vn,WED201c-SG-S1082,SG,WED201c
1083,1083,1083@fpt.edu.vn,WED201c-SG-S1083,SG,WED201c
1351,1351,1351@fpt.edu.vn,WED201c-SG-S1351,SG,WED201c
1352,1352,1352@fpt.edu.vn,WED201c-SG-S1352,SG,WED201c
1207,1207,1207@fpt.edu.vn,WED201c-SG-S1207,SG,WED201c
1309,1309,1309@fpt.edu.vn,WED201c-SG-S1309,SG,WED201c
1208,1208,1208@fpt.edu.vn,WED201c-SG-S1208,SG,WED201c
1434,1434,1434@fpt.edu.vn,WED201c-SG-S1434,SG,WED201c
1127,1127,1127@fpt.edu.vn,WED201c-SG-S1127,SG,WED201c
1084,1084,1084@fpt.edu.vn,WED201c-SG-S1084,SG,WED201c
1209,1209,1209@fpt.edu.vn,WED201c-SG-S1209,SG,WED201c
1210,1210,1210@fpt.edu.vn,WED201c-SG-S1210,SG,WED201c
1435,1435,1435@fpt.edu.vn,WED201c-SG-S1435,SG,WED201c
1233,1233,1233@fpt.edu.vn,WED201c-SG-S1233,SG,WED201c
1326,1326,1326@fpt.edu.vn,WED201c-SG-S1326,SG,WED201c
1408,1408,1408@fpt.edu.vn,WED201c-SG-S1408,SG,WED201c
1234,1234,1234@fpt.edu.vn,WED201c-SG-S1234,SG,WED201c
1353,1353,1353@fpt.edu.vn,WED201c-SG-S1353,SG,WED201c
1263,1263,1263@fpt.edu.vn,WED201c-SG-S1263,SG,WED201c
1128,1128,1128@fpt.edu.vn,WED201c-SG-S1128,SG,WED201c
1085,1085,1085@fpt.edu.vn,WED201c-SG-S1085,SG,WED201c
1409,1409,1409@fpt.edu.vn,WED201c-SG-S1409,SG,WED201c
1354,1354,1354@fpt.edu.vn,WED201c-SG-S1354,SG,WED201c
1129,1129,1129@fpt.edu.vn,WED201c-SG-S1129,SG,WED201c
1355,1355,1355@fpt.edu.vn,WED201c-SG-S1355,SG,WED201c
1130,1130,1130@fpt.edu.vn,WED201c-SG-S1130,SG,WED201c
1235,1235,1235@fpt.edu.vn,WED201c-SG-S1235,SG,WED201c
1356,1356,1356@fpt.edu.vn,WED201c-SG-S1356,SG,WED201c
1436,1436,1436@fpt.edu.vn,WED201c-SG-S1436,SG,WED201c
1410,1410,1410@fpt.edu.vn,WED201c-SG-S1410,SG,WED201c
1411,1411,1411@fpt.edu.vn,WED201c-SG-S1411,SG,WED201c
1131,1131,1131@fpt.edu.vn,WED201c-SG-S1131,SG,WED201c
1412,1412,1412@fpt.edu.vn,WED201c-SG-S1412,SG,WED201c
1413,1413,1413@fpt.edu.vn,WED201c-SG-S1413,SG,WED201c
1357,1357,1357@fpt.edu.vn,WED201c-SG-S1357,SG,WED201c
1236,1236,1236@fpt.edu.vn,WED201c-SG-S1236,SG,WED201c
1237,1237,1237@fpt.edu.vn,WED201c-SG-S1237,SG,WED201c
1414,1414,1414@fpt.edu.vn,WED201c-SG-S1414,SG,WED201c
1437,1437,1437@fpt.edu.vn,WED201c-SG-S1437,SG,WED201c
1211,1211,1211@fpt.edu.vn,WED201c-SG-S1211,SG,WED201c
1310,1310,1310@fpt.edu.vn,WED201c-SG-S1310,SG,WED201c
1415,1415,1415@fpt.edu.vn,WED201c-SG-S1415,SG,WED201c
1311,1311,1311@fpt.edu.vn,WED201c-SG-S1311,SG,WED201c
1212,1212,1212@fpt.edu.vn,WED201c-SG-S1212,SG,WED201c
1312,1312,1312@fpt.edu.vn,WED201c-SG-S1312,SG,WED201c
1213,1213,1213@fpt.edu.vn,WED201c-SG-S1213,SG,WED201c
1327,1327,1327@fpt.edu.vn,WED201c-SG-S1327,SG,WED201c
1378,1378,1378@fpt.edu.vn,WED201c-SG-S1378,SG,WED201c
1416,1416,1416@fpt.edu.vn,WED201c-SG-S1416,SG,WED201c
1086,1086,1086@fpt.edu.vn,WED201c-SG-S1086,SG,WED201c
1438,1438,1438@fpt.edu.vn,WED201c-SG-S1438,SG,WED201c
1087,1087,1087@fpt.edu.vn,WED201c-SG-S1087,SG,WED201c
1096,1096,1096@fpt.edu.vn,WED201c-SG-S1096,SG,WED201c
1328,1328,1328@fpt.edu.vn,WED201c-SG-S1328,SG,WED201c
1329,1329,1329@fpt.edu.vn,WED201c-SG-S1329,SG,WED201c
1330,1330,1330@fpt.edu.vn,WED201c-SG-S1330,SG,WED201c
1453,1453,1453@fpt.edu.vn,WED201c-SG-S1453,SG,WED201c
1331,1331,1331@fpt.edu.vn,WED201c-SG-S1331,SG,WED201c
1238,1238,1238@fpt.edu.vn,WED201c-SG-S1238,SG,WED201c
1439,1439,1439@fpt.edu.vn,WED201c-SG-S1439,SG,WED201c
1358,1358,1358@fpt.edu.vn,WED201c-SG-S1358,SG,WED201c
1097,1097,1097@fpt.edu.vn,WED201c-SG-S1097,SG,WED201c
1098,1098,1098@fpt.edu.vn,WED201c-SG-S1098,SG,WED201c
1099,1099,1099@fpt.edu.vn,WED201c-SG-S1099,SG,WED201c
1289,1289,1289@fpt.edu.vn,WED201c-SG-S1289,SG,WED201c
1190,1190,1190@fpt.edu.vn,WED201c-SG-S1190,SG,WED201c
1100,1100,1100@fpt.edu.vn,WED201c-SG-S1100,SG,WED201c
1101,1101,1101@fpt.edu.vn,WED201c-SG-S1101,SG,WED201c
1102,1102,1102@fpt.edu.vn,WED201c-SG-S1102,SG,WED201c
1103,1103,1103@fpt.edu.vn,WED201c-SG-S1103,SG,WED201c
1132,1132,1132@fpt.edu.vn,WED201c-SG-S1132,SG,WED201c
1332,1332,1332@fpt.edu.vn,WED201c-SG-S1332,SG,WED201c
1333,1333,1333@fpt.edu.vn,WED201c-SG-S1333,SG,WED201c
1417,1417,1417@fpt.edu.vn,WED201c-SG-S1417,SG,WED201c
1359,1359,1359@fpt.edu.vn,WED201c-SG-S1359,SG,WED201c
1360,1360,1360@fpt.edu.vn,WED201c-SG-S1360,SG,WED201c
1361,1361,1361@fpt.edu.vn,WED201c-SG-S1361,SG,WED201c
1418,1418,1418@fpt.edu.vn,WED201c-SG-S1418,SG,WED201c
1104,1104,1104@fpt.edu.vn,WED201c-SG-S1104,SG,WED201c
1362,1362,1362@fpt.edu.vn,WED201c-SG-S1362,SG,WED201c
1105,1105,1105@fpt.edu.vn,WED201c-SG-S1105,SG,WED201c
1363,1363,1363@fpt.edu.vn,WED201c-SG-S1363,SG,WED201c
1364,1364,1364@fpt.edu.vn,WED201c-SG-S1364,SG,WED201c
1365,1365,1365@fpt.edu.vn,WED201c-SG-S1365,SG,WED201c
1214,1214,1214@fpt.edu.vn,WED201c-SG-S1214,SG,WED201c
1088,1088,1088@fpt.edu.vn,WED201c-SG-S1088,SG,WED201c
1215,1215,1215@fpt.edu.vn,WED201c-SG-S1215,SG,WED201c
1216,1216,1216@fpt.edu.vn,WED201c-SG-S1216,SG,WED201c
1239,1239,1239@fpt.edu.vn,WED201c-SG-S1239,SG,WED201c
1334,1334,1334@fpt.edu.vn,WED201c-SG-S1334,SG,WED201c
1217,1217,1217@fpt.edu.vn,WED201c-SG-S1217,SG,WED201c
1335,1335,1335@fpt.edu.vn,WED201c-SG-S1335,SG,WED201c
1313,1313,1313@fpt.edu.vn,WED201c-SG-S1313,SG,WED201c
1314,1314,1314@fpt.edu.vn,WED201c-SG-S1314,SG,WED201c
1218,1218,1218@fpt.edu.vn,WED201c-SG-S1218,SG,WED201c
1315,1315,1315@fpt.edu.vn,WED201c-SG-S1315,SG,WED201c
1240,1240,1240@fpt.edu.vn,WED201c-SG-S1240,SG,WED201c
1379,1379,1379@fpt.edu.vn,WED201c-SG-S1379,SG,WED201c
1336,1336,1336@fpt.edu.vn,WED201c-SG-S1336,SG,WED201c
1241,1241,1241@fpt.edu.vn,WED201c-SG-S1241,SG,WED201c
1191,1191,1191@fpt.edu.vn,WED201c-SG-S1191,SG,WED201c
1290,1290,1290@fpt.edu.vn,WED201c-SG-S1290,SG,WED201c
1440,1440,1440@fpt.edu.vn,WED201c-SG-S1440,SG,WED201c
1219,1219,1219@fpt.edu.vn,WED201c-SG-S1219,SG,WED201c
1291,1291,1291@fpt.edu.vn,WED201c-SG-S1291,SG,WED201c
1366,1366,1366@fpt.edu.vn,WED201c-SG-S1366,SG,WED201c
1337,1337,1337@fpt.edu.vn,WED201c-SG-S1337,SG,WED201c
1106,1106,1106@fpt.edu.vn,WED201c-SG-S1106,SG,WED201c
1338,1338,1338@fpt.edu.vn,WED201c-SG-S1338,SG,WED201c
1339,1339,1339@fpt.edu.vn,WED201c-SG-S1339,SG,WED201c
1340,1340,1340@fpt.edu.vn,WED201c-SG-S1340,SG,WED201c
1160,1160,1160@fpt.edu.vn,WED201c-SG-S1160,SG,WED201c
1316,1316,1316@fpt.edu.vn,WED201c-SG-S1316,SG,WED201c
1292,1292,1292@fpt.edu.vn,WED201c-SG-S1292,SG,WED201c
1161,1161,1161@fpt.edu.vn,WED201c-SG-S1161,SG,WED201c
1293,1293,1293@fpt.edu.vn,WED201c-SG-S1293,SG,WED201c
1380,1380,1380@fpt.edu.vn,WED201c-SG-S1380,SG,WED201c
1441,1441,1441@fpt.edu.vn,WED201c-SG-S1441,SG,WED201c
1381,1381,1381@fpt.edu.vn,WED201c-SG-S1381,SG,WED201c
1382,1382,1382@fpt.edu.vn,WED201c-SG-S1382,SG,WED201c
1383,1383,1383@fpt.edu.vn,WED201c-SG-S1383,SG,WED201c
1133,1133,1133@fpt.edu.vn,WED201c-SG-S1133,SG,WED201c
1442,1442,1442@fpt.edu.vn,WED201c-SG-S1442,SG,WED201c
1443,1443,1443@fpt.edu.vn,WED201c-SG-S1443,SG,WED201c
1367,1367,1367@fpt.edu.vn,WED201c-SG-S1367,SG,WED201c
1368,1368,1368@fpt.edu.vn,WED201c-SG-S1368,SG,WED201c
1162,1162,1162@fpt.edu.vn,WED201c-SG-S1162,SG,WED201c
1163,1163,1163@fpt.edu.vn,WED201c-SG-S1163,SG,WED201c
1164,1164,1164@fpt.edu.vn,WED201c-SG-S1164,SG,WED201c
1134,1134,1134@fpt.edu.vn,WED201c-SG-S1134,SG,WED201c
1384,1384,1384@fpt.edu.vn,WED201c-SG-S1384,SG,WED201c
1385,1385,1385@fpt.edu.vn,WED201c-SG-S1385,SG,WED201c
1135,1135,1135@fpt.edu.vn,WED201c-SG-S1135,SG,WED201c
1386,1386,1386@fpt.edu.vn,WED201c-SG-S1386,SG,WED201c
1192,1192,1192@fpt.edu.vn,WED201c-SG-S1192,SG,WED201c
1242,1242,1242@fpt.edu.vn,WED201c-SG-S1242,SG,WED201c
1193,1193,1193@fpt.edu.vn,WED201c-SG-S1193,SG,WED201c
1369,1369,1369@fpt.edu.vn,WED201c-SG-S1369,SG,WED201c
1107,1107,1107@fpt.edu.vn,WED201c-SG-S1107,SG,WED201c
1370,1370,1370@fpt.edu.vn,WED201c-SG-S1370,SG,WED201c
1108,1108,1108@fpt.edu.vn,WED201c-SG-S1108,SG,WED201c
1243,1243,1243@fpt.edu.vn,WED201c-SG-S1243,SG,WED201c
1220,1220,1220@fpt.edu.vn,WED201c-SG-S1220,SG,WED201c
1264,1264,1264@fpt.edu.vn,WED201c-SG-S1264,SG,WED201c
1194,1194,1194@fpt.edu.vn,WED201c-SG-S1194,SG,WED201c
1451,1451,1451@fpt.edu.vn,WED201c-SG-S1451,SG,WED201c
1371,1371,1371@fpt.edu.vn,WED201c-SG-S1371,SG,WED201c
1265,1265,1265@fpt.edu.vn,WED201c-SG-S1265,SG,WED201c
1266,1266,1266@fpt.edu.vn,WED201c-SG-S1266,SG,WED201c
1165,1165,1165@fpt.edu.vn,WED201c-SG-S1165,SG,WED201c
1341,1341,1341@fpt.edu.vn,WED201c-SG-S1341,SG,WED201c
1136,1136,1136@fpt.edu.vn,WED201c-SG-S1136,SG,WED201c
1109,1109,1109@fpt.edu.vn,WED201c-SG-S1109,SG,WED201c
1089,1089,1089@fpt.edu.vn,WED201c-SG-S1089,SG,WED201c
1387,1387,1387@fpt.edu.vn,WED201c-SG-S1387,SG,WED201c
1317,1317,1317@fpt.edu.vn,WED201c-SG-S1317,SG,WED201c
1110,1110,1110@fpt.edu.vn,WED201c-SG-S1110,SG,WED201c
1318,1318,1318@fpt.edu.vn,WED201c-SG-S1318,SG,WED201c
1166,1166,1166@fpt.edu.vn,WED201c-SG-S1166,SG,WED201c
1342,1342,1342@fpt.edu.vn,WED201c-SG-S1342,SG,WED201c
1388,1388,1388@fpt.edu.vn,WED201c-SG-S1388,SG,WED201c
1419,1419,1419@fpt.edu.vn,WED201c-SG-S1419,SG,WED201c
1195,1195,1195@fpt.edu.vn,WED201c-SG-S1195,SG,WED201c
1444,1444,1444@fpt.edu.vn,WED201c-SG-S1444,SG,WED201c
1196,1196,1196@fpt.edu.vn,WED201c-SG-S1196,SG,WED201c
1343,1343,1343@fpt.edu.vn,WED201c-SG-S1343,SG,WED201c
1445,1445,1445@fpt.edu.vn,WED201c-SG-S1445,SG,WED201c
1197,1197,1197@fpt.edu.vn,WED201c-SG-S1197,SG,WED201c
1344,1344,1344@fpt.edu.vn,WED201c-SG-S1344,SG,WED201c
1244,1244,1244@fpt.edu.vn,WED201c-SG-S1244,SG,WED201c
1319,1319,1319@fpt.edu.vn,WED201c-SG-S1319,SG,WED201c
1167,1167,1167@fpt.edu.vn,WED201c-SG-S1167,SG,WED201c
1372,1372,1372@fpt.edu.vn,WED201c-SG-S1372,SG,WED201c
1111,1111,1111@fpt.edu.vn,WED201c-SG-S1111,SG,WED201c
1446,1446,1446@fpt.edu.vn,WED201c-SG-S1446,SG,WED201c
1137,1137,1137@fpt.edu.vn,WED201c-SG-S1137,SG,WED201c
1267,1267,1267@fpt.edu.vn,WED201c-SG-S1267,SG,WED201c
1389,1389,1389@fpt.edu.vn,WED201c-SG-S1389,SG,WED201c
1390,1390,1390@fpt.edu.vn,WED201c-SG-S1390,SG,WED201c
1420,1420,1420@fpt.edu.vn,WED201c-SG-S1420,SG,WED201c
1138,1138,1138@fpt.edu.vn,WED201c-SG-S1138,SG,WED201c
1421,1421,1421@fpt.edu.vn,WED201c-SG-S1421,SG,WED201c
1221,1221,1221@fpt.edu.vn,WED201c-SG-S1221,SG,WED201c
1112,1112,1112@fpt.edu.vn,WED201c-SG-S1112,SG,WED201c
1222,1222,1222@fpt.edu.vn,WED201c-SG-S1222,SG,WED201c
1294,1294,1294@fpt.edu.vn,WED201c-SG-S1294,SG,WED201c
1113,1113,1113@fpt.edu.vn,WED201c-SG-S1113,SG,WED201c
1391,1391,1391@fpt.edu.vn,WED201c-SG-S1391,SG,WED201c
1320,1320,1320@fpt.edu.vn,WED201c-SG-S1320,SG,WED201c
1345,1345,1345@fpt.edu.vn,WED201c-SG-S1345,SG,WED201c
1392,1392,1392@fpt.edu.vn,WED201c-SG-S1392,SG,WED201c
1245,1245,1245@fpt.edu.vn,WED201c-SG-S1245,SG,WED201c
1246,1246,1246@fpt.edu.vn,WED201c-SG-S1246,SG,WED201c
1139,1139,1139@fpt.edu.vn,WED201c-SG-S1139,SG,WED201c
1140,1140,1140@fpt.edu.vn,WED201c-SG-S1140,SG,WED201c
1447,1447,1447@fpt.edu.vn,WED201c-SG-S1447,SG,WED201c
1114,1114,1114@fpt.edu.vn,WED201c-SG-S1114,SG,WED201c
1247,1247,1247@fpt.edu.vn,WED201c-SG-S1247,SG,WED201c
1115,1115,1115@fpt.edu.vn,WED201c-SG-S1115,SG,WED201c
1393,1393,1393@fpt.edu.vn,WED201c-SG-S1393,SG,WED201c
1394,1394,1394@fpt.edu.vn,WED201c-SG-S1394,SG,WED201c
1346,1346,1346@fpt.edu.vn,WED201c-SG-S1346,SG,WED201c
1090,1090,1090@fpt.edu.vn,WED201c-SG-S1090,SG,WED201c
1248,1248,1248@fpt.edu.vn,WED201c-SG-S1248,SG,WED201c
1448,1448,1448@fpt.edu.vn,WED201c-SG-S1448,SG,WED201c
1449,1449,1449@fpt.edu.vn,WED201c-SG-S1449,SG,WED201c
1168,1168,1168@fpt.edu.vn,WED201c-SG-S1168,SG,WED201c
1169,1169,1169@fpt.edu.vn,WED201c-SG-S1169,SG,WED201c
1170,1170,1170@fpt.edu.vn,WED201c-SG-S1170,SG,WED201c
1141,1141,1141@fpt.edu.vn,WED201c-SG-S1141,SG,WED201c
1223,1223,1223@fpt.edu.vn,WED201c-SG-S1223,SG,WED201c
1142,1142,1142@fpt.edu.vn,WED201c-SG-S1142,SG,WED201c
1395,1395,1395@fpt.edu.vn,WED201c-SG-S1395,SG,WED201c
1396,1396,1396@fpt.edu.vn,WED201c-SG-S1396,SG,WED201c
1422,1422,1422@fpt.edu.vn,WED201c-SG-S1422,SG,WED201c
